PembimbingController,tesis,tesis
MahasiswaController,tesis,tesis
SimpanPersetujuanAnggotaRequest,tesis,tesis
PermintaanAnggotaDto,beranda,tesis
PersetujuanAnggotaTesisDto,tesis,tesis
DetailPermintaanPembimbinganDto,tesis,tesis
TolakPermintaanRequest,tesis,tesis
TerimaPermintaanRequest,tesis,tesis
HapusPembimbingTesisRequest,tesis,tesis
TambahPembimbingTesisRequest,tesis,tesis
SisaKuotaMembimbingDto,tesis,tesis
TesisDto,pembimbingan,tesis
Abstrak,tesis,tesis
Tesis,pembimbingan,tesis
Judul,tesis,tesis
BimbinganDto,pembimbingan,tesis
PermintaanPembimbinganDto,tesis,tesis
DaftarAnggotaTesisDto,pembimbingan,tesis
MahasiswaDto,tesis,tesis
Mahasiswa,pembimbingan,tesis
MahasiswaTesisDto,tesis,tesis
PembimbingTesisDto,tesis,tesis
MahasiswaId,pembimbingan,tesis
JenisSdm,tesis,tesis
StatusPersetujuanPembimbing,tesis,tesis
KonfigurasiDto,beranda,tesis
KonfigurasiDto,tesis,tesis
SimpanKonfigurasiRequest,admin,tesis
KuotaMembimbingDto,tesis,tesis
KuotaMembimbingDto,pembimbingan,tesis
KuotaPembimbingDto,dosenpembimbing,tesis
KuotaPembimbingQuery,dosenpembimbing,tesis
KuotaProdi,dosenpembimbing,tesis
KuotaProdi,tesis,tesis
SimpanKuotaBimbinganRequest,dosenpembimbing,tesis
SimpanKuotaBimbinganCommand,dosenpembimbing,tesis
UnitOrg,dosenpembimbing,tesis
Mahasiswa,tesis,tesis
MahasiswaRepository,tesis,tesis
KuotaProdiRepository,tesis,tesis
SearchMahasiswaQuery,tesis,tesis
DetailMahasiswaQuery,auth,tesis
SisaKuotaMembimbingQuery,tesis,tesis
UnitOrgRepository,dosenpembimbing,tesis
KuotaMembimbingQuery,pembimbingan,tesis
KuotaMembimbingQuery,tesis,tesis
DaftarAnggotaTesisQuery,pembimbingan,tesis
PersetujuanAnggotaTesisQuery,tesis,tesis
MahasiswaTesisQuery,tesis,tesis
MahasiswaTesisRepository,tesis,tesis
PermintaanAnggotaQuery,beranda,tesis
ListTesisQuery,beranda,tesis
PembimbingTesisQuery,tesis,tesis
KuotaMembimbingRepository,tesis,tesis
KuotaMembimbing,tesis,tesis
SearchPembimbingQuery,tesis,tesis
ListDosenPembimbingQuery,dosenpembimbing,tesis
SdmRepository,tesis,tesis
Sdm,tesis,tesis
ListTesisQuery,tesis,tesis
DetailTesisQuery,tesis,tesis
RmkQuery,tesis,tesis
RmkController,tesis,tesis
DetailTesisQuery,pembimbingan,tesis
DetailPermintaanPembimbinganQuery,tesis,tesis
DaftarPembimbingTesisQuery,pembimbingan,tesis
DaftarBimbinganSayaQuery,pembimbingan,tesis
DaftarPermintaanPembimbinganQuery,tesis,tesis
TesisRepository,tesis,tesis
TesisRepositoryInterface,tesis,tesis
MahasiswaTesisRepositoryInterface,tesis,tesis
HapusMahasiswaTesisCommand,tesis,tesis
UpdateUsulanTesisCommand,tesis,tesis
SimpanUsulanTesisCommand,tesis,tesis
UsulanController,tesis,tesis
KonfigurasiController,admin,tesis
SimpanKonfigurasiCommand,admin,tesis
PermintaanPembimbinganController,tesis,tesis
PembimbinganController,pembimbingan,tesis
Tesis,tesis,tesis
StatusTesis,tesis,tesis
JenisTesis,tesis,tesis
SimpanPersetujuanAnggotaCommand,tesis,tesis
TambahMahasiswaTesisCommand,tesis,tesis
MahasiswaTesis,tesis,tesis
PembimbingTesis,tesis,tesis
PembimbingTesisRepositoryInterface,tesis,tesis
PembimbingTesisRepository,tesis,tesis
HapusPembimbingTesisCommand,tesis,tesis
TolakPermintaanCommand,tesis,tesis
TerimaPermintaanCommand,tesis,tesis
TambahPembimbingTesisCommand,tesis,tesis
KuotaMembimbingRepositoryInterface,tesis,tesis
KuotaMembimbingQueryInterface,tesis,tesis
PembimbingTesisQueryInterface,tesis,tesis
ListDosenPembimbingQueryInterface,dosenpembimbing,tesis
KuotaPembimbingQueryInterface,dosenpembimbing,tesis
DosenPembimbingController,dosenpembimbing,tesis
SisaKuotaMembimbingQueryInterface,tesis,tesis
DetailMahasiswaQueryInterface,auth,tesis
DetailTesisQueryInterface,tesis,tesis
DetailTesisQueryInterface,pembimbingan,tesis
DaftarPermintaanBimbinganQueryInterface,pembimbingan,tesis
DaftarPermintaanPembimbinganQueryInterface,tesis,tesis
DaftarBimbinganSayaQueryInterface,pembimbingan,tesis
DaftarAnggotaTesisQueryInterface,pembimbingan,tesis
DaftarPembimbingTesisQueryInterface,pembimbingan,tesis
PersetujuanAnggotaTesisQueryInterface,tesis,tesis
DetailPermintaanPembimbinganQueryInterface,tesis,tesis
MahasiswaTesisQueryInterface,tesis,tesis
HapusMahasiswaTesisRequest,tesis,tesis
TambahMahasiswaTesisRequest,tesis,tesis
RmkQueryInterface,tesis,tesis
SearchMahasiswaQueryInterface,tesis,tesis
SearchPembimbingQueryInterface,tesis,tesis
LaboratoriumQueryInterface,tesis,tesis
LaboratoriumQuery,tesis,tesis
KonfigurasiQueryInterface,tesis,tesis
KonfigurasiQueryInterface,beranda,tesis
ListTesisQueryInterface,beranda,tesis
PermintaanAnggotaQueryInterface,beranda,tesis
ListTesisQueryInterface,tesis,tesis
KonfigurasiQueryInterface,admin,tesis
KonfigurasiRepositoryInterface,admin,tesis
KonfigurasiRepository,admin,tesis
KonfigurasiQuery,tesis,tesis
KonfigurasiQuery,beranda,tesis
KonfigurasiQuery,admin,tesis
MahasiswaRepositoryInterface,tesis,tesis
KuotaProdiRepositoryInterface,tesis,tesis
KuotaProdiRepositoryInterface,dosenpembimbing,tesis
KuotaProdiRepository,dosenpembimbing,tesis
SdmRepositoryInterface,tesis,tesis
UnitOrgRepositoryInterface,dosenpembimbing,tesis
KuotaBimbinganController,dosenpembimbing,tesis
Konfigurasi,admin,tesis
KonfigurasiDto,admin,tesis
JenjangDidik,tesis,tesis
DetailMahasiswaDto,auth,tesis
JenjangDidik,dosenpembimbing,tesis
DosenPembimbingDto,dosenpembimbing,tesis
StatusPersetujuanMahasiswa,tesis,tesis
ListTesisDto,beranda,tesis
ListTesisDto,tesis,tesis
DetailTesisDto,tesis,tesis
KataKunci,tesis,tesis
UpdateUsulanTesisRequest,tesis,tesis
SimpanUsulanTesisRequest,tesis,tesis
StatusPersetujuanMahasiswa,pembimbingan,tesis
UserId,pembimbingan,tesis
DosenId,pembimbingan,tesis
Dosen,pembimbingan,tesis
PembimbingDto,tesis,tesis
RmkDto,tesis,tesis
LaboratoriumDto,tesis,tesis
DaftarPembimbingTesisDto,pembimbingan,tesis
MahasiswaId,tesis,tesis
TesisId,tesis,tesis
TesisId,pembimbingan,tesis
BimbinganId,pembimbingan,tesis
RmkId,tesis,tesis
SdmId,tesis,tesis
UnitOrgId,tesis,tesis
UnitOrgId,admin,tesis
KuotaController,admin,admin
BaseController,admin,admin
BaseController,tesis,admin
JenisTesisQuery,tesis,pembimbingan
JenisTesisQuery,pembimbingan,pembimbingan
Nilai,tesis,tesis
Bimbingan,pembimbingan,pembimbingan
AuthController,auth,auth
BerandaController,beranda,beranda
LaboratoriumController,tesis,tesis
