GetEducationDetailService,job,job
PendidikanIdList,job,job
PendidikanIdListFactory,job,job
GetApplicantListService,job,job
AddRequiredDocumentService,job,job
UploadFileRequest,job,job
Dokumen,job,job
AddRequiredDocumentRequest,job,job
UploadFileService,job,job
BerkasIdList,job,job
BerkasIdListFactory,job,job
GetExperienceDetailService,job,job
SaveProspectiveEmployeeService,job,job
DeleteSavedEmployeeService,job,job
GetApplicationDetailService,job,job
LamaranCreated,job,job
Lamaran,job,job
JobSeeker,job,job
GetJobSeekerProfileService,job,job
GetApplicationListService,job,job
GetCompanyRequiredDocumentListResponse,job,job
GetMyVacancyListService,job,job
MssqlJobRepository,job,job
GetSavedVacancyListService,job,job
GetProspectiveEmployeeListService,job,job
GetSavedEmployeeListService,job,job
GetVacancyListService,job,job
GetCompanyListService,job,job
GetCompanyListRequest,job,job
GetSavedEmployeeListRequest,job,job
GetVacancyListRequest,job,job
GetSavedVacancyListRequest,job,job
GetProspectiveEmployeeListRequest,job,job
SubmitApplicationFormRequest,job,job
GetApplicationDetailService,job,job
FollowCompanyService,job,job
AddDefaultRequiredDocumentsToNewCompanyService,job,job
GetVacancyDetailService,job,job
GetVacancyDetailService,job,job
IncrementApplicantNumberService,job,job
DeleteVacancyService,job,job
UpdateVacancyService,job,job
SubmitApplicationFormService,job,job
AddVacancyService,job,job
AddVacancyRequest,job,job
UpdateVacancyRequest,job,job
Lowongan,job,job
Perusahaan,job,job
UpdateExperienceService,job,job
UpdateExperienceRequest,job,job
Pengalaman,job,job
ApplicationController,job,job
ItsStorageUploadDocument,profile,job
ItsStorageUploadDocument,community,job
TestingController,job,job
CompanyProfileController,profile,job
UpdateCompanyService,profile,job
SqlCompanyRepository,profile,job
SqlGetCompanyProfile,profile,job
SqlEditCompanyProfile,profile,job
SqlGetUserCompany,profile,job
SearchController,dashboard,job
SqlEditUserProfile,profile,job
SqlGetUserProfile,profile,job
SqlGetCommunityMember,community,job
SqlGetPendingMember,community,job
SqlUserRepository,profile,job
AuthController,auth,job
UserRepositoryInterface,profile,job
UserRepositoryInterface,community,job
UploadDocumentInterface,community,job
UploadUserPictureRequest,profile,job
UploadCompanyPictureRequest,profile,job
FollowCompanyRequest,profile,job
Follower,profile,job
CreatePostRequest,profile,job
Post,profile,job
Post,post,job
CommentPostResponse,post,job
Post,community,job
UnlikePostResponse,post,job
LikePostResponse,post,job
UpdateCompanyRequest,profile,job
Company,profile,job
Phone,profile,job
CreateCompanyRequest,profile,job
UpdateUserRequest,profile,job
User,community,job
User,notification,job
User,post,job
User,profile,job
Email,profile,job
Username,profile,job
CreatePostRequest,community,job
UpdatePostRequest,profile,job
DeleteNotificationRequest,notification,job
Notification,notification,job
SqlNotificationRepository,notification,job
NotificationController,notification,job
NotificationRepositoryInterface,notification,job
CreateNotificationService,notification,job
DeleteNotificationService,notification,job
CreateNotificationRequest,notification,job
CommentPostRequest,post,job
Comment,post,job
DeletePostRequest,profile,job
DeleteCommentRequest,post,job
SavePostRequest,post,job
SqlGetPost,post,job
Save,post,job
Like,post,job
LikePostRequest,post,job
UnsavePostRequest,post,job
UnlikePostRequest,post,job
DeletePostRequest,community,job
UpdatePostRequest,community,job
JoinCommunityRequest,community,job
UpdateCommunityRequest,community,job
Community,community,job
CreateCommunityRequest,community,job
Category,community,job
LeaveCommunityRequest,community,job
KickMemberRequest,community,job
RejectMemberRequest,community,job
AcceptMemberRequest,community,job
WithdrawMembershipRequest,community,job
DeleteCompanyRequest,profile,job
UploadCommunityPictureRequest,community,job
UploadDocumentInterface,profile,job
CommunityRepositoryInterface,community,job
SqlCommunityRepository,community,job
RequestSent,community,job
SqlGetCommunityProfile,community,job
Member,community,job
Membership,community,job
Type,community,job
SkillId,job,job
LowonganStatus,job,job
LamaranStatus,job,job
IdList,job,job
SkillIdList,job,job
SkillIdListFactory,job,job
LowonganId,job,job
UserId,profile,job
NotificationId,notification,job
AboutId,notification,job
CommentId,post,job
ConnectionId,profile,job
MemberId,community,job
CompanyId,profile,job
CompanyId,post,job
CommunityId,community,job
CommunityId,post,job
PostId,profile,job
PostId,post,job
PostId,community,job
UserId,notification,job
UserId,post,job
UserId,community,job
PengalamanId,job,job
PendidikanId,job,job
BerkasId,job,job
DokumenId,job,job
JobSeekerId,job,job
PerusahaanId,job,job
LamaranId,job,job
Status,profile,job
Visibility,community,job
TypeAbout,notification,job
Type,post,job
Type,profile,job
SqlGetMyCommunity,community,job
SqlGetCommunity,community,job
SqlEditCommunityProfile,community,job
UserRepositoryInterface,post,job
PostRepositoryInterface,post,job
IGetPostQuery,post,job
IGetPostLikeQuery,post,job
IGetCommunityCategoryQuery,community,job
SqlGetCommunityCategory,community,job
IGetUserCompanyQuery,profile,job
IGetCommunityQuery,community,job
IGetMyCommunityQuery,community,job
IGetPostCommentQuery,post,job
IGetUserProfileQuery,profile,job
IGetUserProfilePostQuery,profile,job
IEditCommunityProfileQuery,community,job
IGetCommunityProfilePostQuery,community,job
IGetCommunityMemberQuery,community,job
IGetPendingMemberQuery,community,job
IGetCommunityProfileQuery,community,job
IGetCompanyProfileQuery,profile,job
IGetCompanyProfilePostQuery,profile,job
IEditCompanyProfileQuery,profile,job
IEditUserProfileQuery,profile,job
CommentRepositoryInterface,post,job
SqlCommentRepository,post,job
SqlGetPostComment,post,job
JobRepository,job,job
PostRepositoryInterface,community,job
PostLikeService,post,job
PostUnliked,post,job
ConnectionSent,profile,job
ConnectionRepositoryInterface,profile,job
SqlConnectionRepository,profile,job
Connection,profile,job
RejectConnectionRequest,profile,job
ConnectUserRequest,profile,job
WithdrawConnectionRequest,profile,job
AcceptConnectionRequest,profile,job
UnconnectUserRequest,profile,job
PostLiked,post,job
PostCommented,post,job
CommentDeleted,post,job
PostSaveService,post,job
SqlPostRepository,post,job
BaseController,post,job
NotFoundException,profile,job
NotAllowedDeleteData,profile,job
NotAllowedEditData,profile,job
NotAllowedEditData,post,job
NotAllowedEditData,community,job
NotAllowedDeleteData,post,job
NotAllowedDeleteData,community,job
UploadDocumentException,profile,job
CommentHasReplyException,post,job
UploadDocumentException,community,job
NotFoundException,notification,job
NotFoundException,post,job
NotFoundException,community,job
BaseController,profile,job
BaseController,auth,job
BaseController,notification,job
BaseController,dashboard,job
BaseController,community,job
BaseController,job,job
SqlPostRepository,profile,job
SqlPostRepository,community,job
SqlGetUserProfilePost,profile,job
SqlGetPostLike,post,job
PostController,post,job
DashboardController,dashboard,job
SqlGetCommunityProfilePost,community,job
SqlGetCompanyProfilePost,profile,job
SqlPostLikeService,post,job
SqlPostSaveService,post,job
PostRepositoryInterface,profile,job
SqlUserRepository,post,job
SqlUserRepository,community,job
CompanyRepositoryInterface,profile,job
UploadCompanyPictureService,profile,job
UploadUserPictureService,profile,job
UpdateUserService,profile,job
UnconnectUserService,profile,job
WithdrawConnectionService,profile,job
RejectConnectionService,profile,job
ConnectUserService,profile,job
AcceptConnectionService,profile,job
CommentPostService,post,job
UpdatePostService,profile,job
DeletePostService,profile,job
UnsavePostService,post,job
SavePostService,post,job
UnlikePostService,post,job
LikePostService,post,job
CreatePostService,community,job
CreatePostService,profile,job
DeletePostService,community,job
UpdatePostService,community,job
DeleteCommentService,post,job
UploadCommunityPictureService,community,job
UpdateCommunityService,community,job
CreateCommunityService,community,job
KickMemberService,community,job
LeaveCommunityService,community,job
JoinCommunityService,community,job
AcceptMemberService,community,job
RejectMemberService,community,job
WithdrawMembershipService,community,job
MemberRepositoryInterface,community,job
SqlMemberRepository,community,job
DeleteCompanyService,profile,job
FollowCompanyService,profile,job
CreateCompanyService,profile,job
UserProfileController,profile,job
UserPostController,profile,job
CompanyPostController,profile,job
CommunityPostController,community,job
PostSaveController,post,job
PostCommentController,post,job
PostLikeController,post,job
CommunityController,community,job
VacancyController,job,job
UpdateEducationService,job,job
UpdateEducationRequest,job,job
Pendidikan,job,job
SaveVacancyService,job,job
GetApplicationFormService,job,job
PublishVacancyService,job,job
CloseVacancyService,job,job
UnpublishVacancyService,job,job
DeleteSavedVacancyService,job,job
GetCompanyRequiredDocumentListService,job,job
GetSkillListService,job,job
GetJobTypeListService,job,job
AccessRouteService,job,job
RouteAccessedSyncEventListener,job,job
LamaranCreatedEventListener,job,job
CreateDefaultRequiredDocuments,job,job
NotificationEventListener,post,job
NotificationEventListener,profile,job
NotificationEventListener,community,job
RouteAccessed,job,job
PengalamanIdList,job,job
PengalamanIdListFactory,job,job
DokumenIdList,job,job
DokumenIdListFactory,job,job
AdminController,job,job
ApplyVacancyService,job,job
Tanggal,job,job
UserTrait,job,job
User,auth,auth
