OrderController,transaksi,transaksi
HomeController,transaksi,transaksi
BeanPriceController,transaksi,transaksi
UserController,transaksi,transaksi
RegisterController,auth,transaksi
LoginController,auth,transaksi
ProfileController,transaksi,transaksi
ProfileController,transaksi,transaksi
ProfileController,transaksi,transaksi
UserController,transaksi,transaksi
BeanPriceController,transaksi,transaksi
ProductController,transaksi,transaksi
LandingController,dashboard,transaksi
BlogController,transaksi,transaksi
BlogController,transaksi,transaksi
TicketController,transaksi,transaksi
BeanStockController,transaksi,transaksi
BeanStockController,transaksi,transaksi
OrderController,transaksi,transaksi
TransactionController,transaksi,transaksi
OrderController,transaksi,transaksi
Cart,transaksi,transaksi
Profile,transaksi,transaksi
User,auth,transaksi
Province,transaksi,transaksi
Ticket,transaksi,transaksi
City,transaksi,transaksi
Group,transaksi,transaksi
BeanPrice,transaksi,transaksi
BeanStock,transaksi,transaksi
CartDetail,transaksi,transaksi
Product,transaksi,transaksi
Order,transaksi,transaksi
Blog,transaksi,transaksi
