GetDaftarSBIService,insenkom,admin
GetBaseQueryForKompetisiService,insenkom,admin
RekapDepartemenController,verifikasi,admin
GetDetailKompetisiService,insenkom,admin
AdministratorController,insenkom,admin
MssqlInsentifRepository,insenkom,admin
KomponenInsentifPembimbing,insenkom,admin
UpdateNominalInsentifPembimbingRequest,insenkom,admin
KomponenInsentifBase,insenkom,admin
UpdateNominalInsentifTimRequest,insenkom,admin
KomponenInsentifTim,insenkom,admin
InsentifIsCommited,insenkom,admin
Insentif,insenkom,admin
CreateInsentifService,insenkom,admin
CreateInsentifRequest,insenkom,admin
UpdateNominalInsentifPembimbingService,insenkom,admin
UpdateNominalInsentifTimService,insenkom,admin
RemoveKomponenInsentifTimService,insenkom,admin
GetActiveInsentifIdService,insenkom,admin
InitializeNewInsentifService,insenkom,admin
AddKomponenInsentifPembimbingService,insenkom,admin
AddKomponenInsentifTimService,insenkom,admin
RemoveKomponenInsentifPembimbingService,insenkom,admin
SendInsentifToManajemenSK,insenkom,admin
ExcelController,insenkom,admin
MssqlKompetisiRepository,skem,admin
MssqlKompetisiOlahragaMandiriRepository,skem,admin
MssqlSkemRepository,skem,admin
MssqlHkiRepository,skem,admin
MssqlKaryaIlmiahRepository,skem,admin
MssqlLkmmPemanduRepository,skem,admin
GetKegiatanSkemsOnly,skpi,admin
GetKegiatanLampiran,skpi,admin
KegiatanLampiran,skpi,admin
Lampiran,skpi,admin
GetKegiatanSkems,skpi,admin
GetKegiatanSkpi,skpi,admin
ChangeKegiatanSkpi,skpi,admin
StoreKegiatanSkpi,skpi,admin
SkpiController,skpi,admin
SkpiDocController,skpi,admin
KegiatanSkpiController,skpi,admin
KegiatanLampiranController,skpi,admin
SkpiController,skpi,admin
GetSkpi,skpi,admin
UpdateSkpiStatus,skpi,admin
UpdateLampiranStatus,skpi,admin
GetLampiran,skpi,admin
IsLampiranSaved,skpi,admin
GetValidSkpi,skpi,admin
IsSkpiExist,skpi,admin
UnduhSkpiController,skpi,admin
LampiranController,skpi,admin
LampiranController,skpi,admin
IsKegiatanSkpiValid,skpi,admin
LampiranSkpiUtil,skpi,admin
GetSplittedKegiatanSkems,skpi,admin
UpdateKegiatanSkpi,skpi,admin
KegiatanSkpi,skpi,admin
Skpi,skpi,admin
StoreKegiatanLampiran,skpi,admin
IsKegiatanLampiranValid,skpi,admin
UpdateLampiranIp,skpi,admin
ChangeKegiatanLampiran,skpi,admin
UpdateKegiatanLampiran,skpi,admin
MssqlKegiatanRepository,skem,admin
GetKegiatanByRequestService,verifikasi,admin
GetKegiatanByRequestService,admin,admin
MssqlInternasionalisasiRepository,skem,admin
MssqlPertukaranMhsRepository,skem,admin
GetPertukaranMhsByRequestService,admin,admin
ExportPertukaranMhsByRequestService,admin,admin
GetPertukaranMhsByRequestService,verifikasi,admin
MssqlSertifikasiRepository,skem,admin
MssqlAbdimasMagangRepository,skem,admin
MssqlAbdimasRepository,skem,admin
MssqlAbdimasWirausahaRepository,skem,admin
MssqlWirausahaRepository,skem,admin
GetWirausahaByRequestService,admin,admin
ExportWirausahaByRequestService,admin,admin
GetDetailPortofolioMahasiswa,admin,admin
ExportPenerimaBeasiswaByRequestService,beasiswa,admin
ExportSkemaBeasiswaByRequestService,beasiswa,admin
ExportHasilStudiMhsByRequestService,beasiswa,admin
ExportRekapPenerimaTahunBeasiswaByRequestService,beasiswa,admin
ExportRekapSuratPermohonanByRequestService,beasiswa,admin
ExportPendaftarBeasiswaByRequestService,beasiswa,admin
ExportTawaranBeasiswaByRequestService,beasiswa,admin
ExportPersumberBeasiswaByRequestService,beasiswa,admin
ExportDiterimaVsEligibleBeasiswaByRequestService,beasiswa,admin
GetAjuanPortofolioMahasiswa,admin,admin
GetAjuanPortofolioMahasiswa,verifikasi,admin
GetDetailPortofolioMahasiswa,verifikasi,admin
GetWirausahaByRequestService,verifikasi,admin
MssqlMagangRepository,skem,admin
MssqlKompetisiOrmawaOlahragaRepository,skem,admin
GetAnggotaOrmawaByRequestService,verifikasi,admin
GetPendaftarBeasiswaByRequestService,beasiswa,admin
GetRegistrasiByRequestService,beasiswa,admin
DataOrtuController,profil,admin
BeasiswaSayaController,beasiswa,admin
RegistrasiBeasiswaController,beasiswa,admin
GetPermohonanSuratByRequestService,beasiswa,admin
GetPenerimaanBeasiswaByRequestService,beasiswa,admin
SuratPermohonanController,beasiswa,admin
GetTawaranByRequestService,beasiswa,admin
GetPemberiByRequestService,beasiswa,admin
ExportLembagaDonorByRequestService,beasiswa,admin
GrafikController,beasiswa,admin
GetPenerimaanBeasiswaSemesterByRequestService,beasiswa,admin
GetAnggotaOrmawaByRequestService,admin,admin
MssqlOrmawaRepository,skem,admin
MssqlStudiIndependenRepository,skem,admin
StudiIndependenRepository,skem,admin
InternasionalisasiPelatihanRepository,skem,admin
KompetisiRepository,skem,admin
KompetisiOlahragaMandiriRepository,skem,admin
LkmmPemanduRepository,skem,admin
KompetisiOrmawaOlahragaRepository,skem,admin
OrmawaRepository,skem,admin
MagangRepository,skem,admin
AbdimasMagangRepository,skem,admin
AbdimasWirausahaRepository,skem,admin
AbdimasRepository,skem,admin
WirausahaRepository,skem,admin
PertukaranMhsRepository,skem,admin
HkiRepository,skem,admin
SertifikasiRepository,skem,admin
KaryaIlmiahRepository,skem,admin
InternasionalisasiRepository,skem,admin
KegiatanPelatihanRepository,skem,admin
KegiatanRepository,skem,admin
PelatihanRepository,skem,admin
GetKompetisiByRequestService,admin,admin
ExportKompetisiByRequestService,admin,admin
KompetisiHelper,admin,admin
KompetisiController,portofolio,admin
KompetisiController,verifikasi,admin
KompetisiController,admin,admin
PendaftarBeasiswaController,beasiswa,admin
PermohonanSuratController,beasiswa,admin
SasaranBeasiswaController,beasiswa,admin
SyaratBeasiswaController,beasiswa,admin
SyaratDokBeasiswaController,beasiswa,admin
TawaranBeasiswaController,beasiswa,admin
PemberiBeasiswaController,beasiswa,admin
PemberiBeasiswa,beasiswa,admin
LaporanController,beasiswa,admin
InformasiController,beasiswa,admin
SemesterController,beasiswa,admin
TahunController,beasiswa,admin
PermohonanSuratHelper,beasiswa,admin
UploadExcelController,beasiswa,admin
PenerimaanBeasiswaController,beasiswa,admin
CrossCheckController,beasiswa,admin
BeasiswaTersediaController,beasiswa,admin
AnggotaKompetisiController,portofolio,admin
AnggotaKompetisi,admin,admin
Kompetisi,admin,admin
Kompetisi,verifikasi,admin
Kompetisi,portofolio,admin
AnggotaKompetisi,verifikasi,admin
AnggotaKompetisi,portofolio,admin
PembimbingKompetisiController,portofolio,admin
BerkasKompetisiController,portofolio,admin
BerkasController,portofolio,admin
BerkasProfilController,profil,admin
BerkasAdministrasiController,beasiswa,admin
BerkasTawaranController,beasiswa,admin
BaseBerkasController,beasiswa,admin
FileStorage,beasiswa,admin
FileStorage,admin,admin
FileStorage,verifikasi,admin
FileStorage,magang,admin
FileStorage,portofolio,admin
FileStorage,profil,admin
BaseBerkasController,kewirausahaan,admin
BaseBerkasController,portofolio,admin
BaseBerkasController,magang,admin
ExportListBerkasPendaftarByRequestService,beasiswa,admin
BerkasRegistrasiController,beasiswa,admin
BerkasTahapanController,kewirausahaan,admin
BerkasController,admin,admin
ApiController,beasiswa,admin
GetSkpiDoc,skpi,admin
KompetisiHelper,portofolio,admin
StudiIndependenHelper,admin,admin
StudiIndependenHelper,verifikasi,admin
StudiIndependenHelper,portofolio,admin
OlahragaHelper,admin,admin
OlahragaHelper,verifikasi,admin
OlahragaHelper,portofolio,admin
AnggotaOrmawaHelper,admin,admin
AnggotaOrmawaHelper,verifikasi,admin
AnggotaOrmawaHelper,portofolio,admin
SertifikasiHelper,admin,admin
SertifikasiHelper,verifikasi,admin
SertifikasiHelper,portofolio,admin
PelatihanHelper,admin,admin
PelatihanHelper,verifikasi,admin
PelatihanHelper,portofolio,admin
VaksinasiHelper,admin,admin
VaksinasiHelper,verifikasi,admin
VaksinasiHelper,portofolio,admin
KegiatanHelper,admin,admin
KegiatanHelper,verifikasi,admin
KegiatanHelper,portofolio,admin
PertukaranMhsHelper,admin,admin
PertukaranMhsHelper,verifikasi,admin
PertukaranMhsHelper,portofolio,admin
HkiHelper,admin,admin
HkiHelper,verifikasi,admin
HkiHelper,portofolio,admin
KaryaIlmiahHelper,admin,admin
KaryaIlmiahHelper,verifikasi,admin
KaryaIlmiahHelper,portofolio,admin
AbdimasHelper,admin,admin
AbdimasHelper,verifikasi,admin
AbdimasHelper,portofolio,admin
MagangHelper,admin,admin
MagangHelper,verifikasi,admin
MagangHelper,portofolio,admin
WirausahaHelper,admin,admin
WirausahaHelper,verifikasi,admin
WirausahaHelper,portofolio,admin
KompetisiHelper,verifikasi,admin
ApiController,portofolio,admin
APIController,magang,admin
GetDaftarTimKompetisiRequest,insenkom,admin
GetDaftarTimKompetisiService,insenkom,admin
GetDetailTimKompetisiService,insenkom,admin
TimKompetisiRepository,insenkom,admin
MahasiswaRepository,skem,admin
SkemRepository,skem,admin
KriteriaSkemTrait,skem,admin
SemesterRepository,skem,admin
PembimbingKompetisiRepository,insenkom,admin
InsentifRepository,insenkom,admin
GetDaftarPembimbingKompetisiRequest,insenkom,admin
GetDaftarPembimbingKompetisiService,insenkom,admin
GetDetailPembimbingKompetisiService,insenkom,admin
AdminApiController,magang,admin
ExceptionTrait,magang,admin
KoordinatorApiController,magang,admin
DownloadSkpiDoc,skpi,admin
BerkasController,magang,admin
BerkasController,verifikasi,admin
DokumenKompetisi,admin,admin
JenisDokumenPortofolio,admin,admin
JenisDokumenBeasiswa,beasiswa,admin
JenisDokumen,beasiswa,admin
JenisPortofolio,admin,admin
JenisPortofolio,verifikasi,admin
JenisPortofolio,magang,admin
JenisPortofolio,portofolio,admin
JenisDokumen,verifikasi,admin
JenisDokumen,magang,admin
JenisDokumen,portofolio,admin
JenisDokumen,admin,admin
JenisDokumen,profil,admin
JenisDokumenPortofolio,verifikasi,admin
JenisDokumenPortofolio,magang,admin
JenisDokumenPortofolio,portofolio,admin
DokumenKompetisi,portofolio,admin
DokumenRegistrasi,beasiswa,admin
DokumenOlahraga,admin,admin
DokumenOlahraga,verifikasi,admin
DokumenOlahraga,portofolio,admin
DokumenStudiIndependen,admin,admin
DokumenStudiIndependen,verifikasi,admin
DokumenStudiIndependen,portofolio,admin
DokumenSertifikasi,admin,admin
DokumenSertifikasi,verifikasi,admin
DokumenSertifikasi,portofolio,admin
DokumenAnggotaOrmawa,admin,admin
DokumenAnggotaOrmawa,verifikasi,admin
DokumenAnggotaOrmawa,portofolio,admin
DokumenVaksinasi,admin,admin
DokumenVaksinasi,verifikasi,admin
DokumenVaksinasi,portofolio,admin
DokumenKegiatan,admin,admin
DokumenKegiatan,verifikasi,admin
DokumenKegiatan,portofolio,admin
DokumenPelatihan,admin,admin
DokumenPelatihan,verifikasi,admin
DokumenPelatihan,portofolio,admin
DokumenPertukaranMhs,admin,admin
PertukaranMhs,verifikasi,admin
PertukaranMhs,admin,admin
PertukaranMhs,portofolio,admin
DokumenPertukaranMhs,verifikasi,admin
DokumenPertukaranMhs,portofolio,admin
DokumenHki,admin,admin
DokumenHki,verifikasi,admin
DokumenHki,portofolio,admin
DokumenAbdimas,admin,admin
DokumenAbdimas,verifikasi,admin
DokumenAbdimas,portofolio,admin
DokumenMagang,admin,admin
DokumenMagang,portofolio,admin
DokumenMagang,verifikasi,admin
DokumenKaryaIlmiah,admin,admin
DokumenKaryaIlmiah,verifikasi,admin
DokumenKaryaIlmiah,portofolio,admin
DokumenWirausaha,admin,admin
DokumenLaporanKeuangan,admin,admin
DokumenLaporanKeuangan,verifikasi,admin
DokumenLaporanKeuangan,portofolio,admin
DokumenWirausaha,verifikasi,admin
DokumenWirausaha,portofolio,admin
DokumenKompetisi,verifikasi,admin
BerkasVaksinasiController,portofolio,admin
VaksinasiController,portofolio,admin
AlasanBelumVaksinasi,admin,admin
JenisAlasanVaksinasi,admin,admin
SkalaKompetisi,admin,admin
JenisVaksin,admin,admin
JenisVaksin,verifikasi,admin
JenisVaksin,portofolio,admin
LembagaSertifikasi,admin,admin
LembagaSertifikasiController,admin,admin
LembagaSertifikasi,portofolio,admin
TempatStudiIndependen,admin,admin
TempatStudiIndependen,verifikasi,admin
TempatStudiIndependen,portofolio,admin
SkalaOrmawa,admin,admin
Ormawa,portofolio,admin
JenisOrmawa,admin,admin
JenisOrmawa,verifikasi,admin
JenisOrmawa,portofolio,admin
OrmawaController,admin,admin
Ormawa,admin,admin
Ormawa,verifikasi,admin
SkalaOrmawa,verifikasi,admin
SkalaOrmawa,portofolio,admin
JenisHki,admin,admin
JenisHki,verifikasi,admin
JenisHki,portofolio,admin
SkalaStudiIndependen,admin,admin
SkalaStudiIndependen,verifikasi,admin
SkalaStudiIndependen,portofolio,admin
ProgramWirausaha,admin,admin
ProgramWirausaha,verifikasi,admin
ProgramWirausaha,portofolio,admin
SkalaPelatihan,admin,admin
SkalaPelatihan,verifikasi,admin
SkalaPelatihan,portofolio,admin
PeranKegiatan,admin,admin
PeranKegiatan,verifikasi,admin
PeranKegiatan,portofolio,admin
JenisBadanHukum,admin,admin
JenisBadanHukum,verifikasi,admin
JenisBadanHukum,portofolio,admin
JenisDudi,admin,admin
JenisDudi,portofolio,admin
JenisDudi,verifikasi,admin
SkalaKegiatan,admin,admin
SkalaKegiatan,verifikasi,admin
SkalaKegiatan,portofolio,admin
JenisAbdimas,admin,admin
JenisAbdimas,verifikasi,admin
JenisAbdimas,portofolio,admin
JenisKaryaIlmiah,admin,admin
JenisKaryaIlmiah,verifikasi,admin
JenisKaryaIlmiah,portofolio,admin
JenisSertifikasi,admin,admin
JenisSertifikasi,verifikasi,admin
JenisSertifikasi,portofolio,admin
PeranAnggotaOrmawa,admin,admin
PeranAnggotaOrmawa,verifikasi,admin
PeranAnggotaOrmawa,portofolio,admin
JenisPelatihan,admin,admin
JenisPelatihan,verifikasi,admin
JenisPelatihan,portofolio,admin
SkalaMagang,admin,admin
SkalaMagang,magang,admin
SkalaMagang,verifikasi,admin
SkalaMagang,portofolio,admin
KategoriMagang,admin,admin
KategoriMagang,magang,admin
KategoriMagang,verifikasi,admin
KategoriMagang,portofolio,admin
JenisKegiatan,admin,admin
JenisKegiatanController,admin,admin
JenisKegiatan,verifikasi,admin
JenisKegiatan,portofolio,admin
JenisKompetisi,portofolio,admin
JenisKompetisi,admin,admin
JenisKompetisiController,admin,admin
GetSBIFormDataService,insenkom,admin
JenisKompetisi,verifikasi,admin
CapaianKompetisi,admin,admin
CapaianKompetisi,verifikasi,admin
CapaianKompetisi,portofolio,admin
SkalaKompetisi,verifikasi,admin
SkalaKompetisi,portofolio,admin
JenisAlasanVaksinasi,verifikasi,admin
JenisAlasanVaksinasi,portofolio,admin
AlasanBelumVaksinasi,verifikasi,admin
AlasanBelumVaksinasi,portofolio,admin
Vaksinasi,verifikasi,admin
Vaksinasi,portofolio,admin
Vaksinasi,admin,admin
GetVaksinasiByRequestService,admin,admin
ExportVaksinasiByRequestService,admin,admin
GetVaksinasiByRequestService,verifikasi,admin
VaksinasiController,verifikasi,admin
VaksinasiController,admin,admin
BerkasOlahragaController,portofolio,admin
OlahragaController,portofolio,admin
Olahraga,verifikasi,admin
Olahraga,portofolio,admin
CancelPortofolioService,portofolio,admin
Olahraga,admin,admin
GetOlahragaByRequestService,admin,admin
GetOlahragaByRequestService,verifikasi,admin
OlahragaController,admin,admin
OlahragaController,verifikasi,admin
BerkasStudiIndependenController,portofolio,admin
PembimbingStudiIndependenController,portofolio,admin
StudiIndependen,portofolio,admin
StudiIndependen,verifikasi,admin
StudiIndependen,admin,admin
StudiIndependenController,portofolio,admin
StudiIndependenController,admin,admin
TempatStudiIndependenController,admin,admin
ReferenceModel,admin,admin
ReferenceModel,beasiswa,admin
ReferenceModel,verifikasi,admin
ReferenceModel,magang,admin
ReferenceModel,portofolio,admin
ReferenceModel,profil,admin
StudiIndependenController,verifikasi,admin
BerkasPertukaranMhsController,portofolio,admin
PertukaranMhsController,portofolio,admin
PertukaranMhsController,verifikasi,admin
PertukaranMhsController,admin,admin
BerkasAnggotaOrmawaController,portofolio,admin
AnggotaOrmawaController,portofolio,admin
AnggotaOrmawa,portofolio,admin
AnggotaOrmawa,verifikasi,admin
AnggotaOrmawa,admin,admin
AnggotaOrmawaController,admin,admin
AnggotaOrmawaController,verifikasi,admin
BerkasSertifikasiController,portofolio,admin
SertifikasiController,portofolio,admin
SertifikasiController,admin,admin
GetSertifikasiByRequestService,admin,admin
GetSertifikasiByRequestService,verifikasi,admin
SertifikasiController,verifikasi,admin
BerkasAbdimasController,portofolio,admin
AnggotaAbdimasController,portofolio,admin
AnggotaAbdimas,admin,admin
Abdimas,admin,admin
Abdimas,verifikasi,admin
Abdimas,portofolio,admin
AnggotaAbdimas,verifikasi,admin
AnggotaAbdimas,portofolio,admin
AbdimasController,portofolio,admin
AbdimasExport,admin,admin
MagangExport,admin,admin
KompetisiExport,admin,admin
LembagaDonorExcelExport,beasiswa,admin
DiterimaVsEligibleBeasiswaExcelExport,beasiswa,admin
ListBerkasPendaftarExcelExport,beasiswa,admin
PersumberBeasiswaExcelExport,beasiswa,admin
TawaranBeasiswaExcelExport,beasiswa,admin
HasilStudiMhsExcelExport,beasiswa,admin
SkemaBeasiswaExcelExport,beasiswa,admin
PenerimaBeasiswaExcelExport,beasiswa,admin
UploadExcelExportx,beasiswa,admin
CrossCheckExcelFromArray,beasiswa,admin
PenerimaBeasiswaExcelFromArray,beasiswa,admin
ExcelFromCollection,beasiswa,admin
PenerimaExcelFromCollection,beasiswa,admin
RekapPenerimaTahunBeasiswaExcelExport,beasiswa,admin
RekapSuratPermohonanExcelExport,beasiswa,admin
PendaftarBeasiswaExcelExport,beasiswa,admin
VaksinasiExport,admin,admin
PertukaranMhsExport,admin,admin
GetAbdimasByRequestService,verifikasi,admin
GetAbdimasByRequestService,admin,admin
ExportAbdimasByRequestService,admin,admin
AbdimasController,verifikasi,admin
AbdimasController,admin,admin
BerkasPelatihanController,portofolio,admin
PelatihanController,portofolio,admin
Pelatihan,verifikasi,admin
Pelatihan,portofolio,admin
Pelatihan,admin,admin
GetPelatihanByRequestService,admin,admin
MssqlPelatihanRepository,skem,admin
MssqlKegiatanPelatihanRepository,skem,admin
MssqlInternasionalisasiPelatihanRepository,skem,admin
GetPelatihanByRequestService,verifikasi,admin
PelatihanController,admin,admin
PelatihanController,verifikasi,admin
BerkasHkiController,portofolio,admin
InventorHkiController,portofolio,admin
HkiController,portofolio,admin
HkiController,admin,admin
DosenController,admin,admin
DosenController,verifikasi,admin
VerifikasiController,verifikasi,admin
AdminController,admin,admin
VerifikasiPendaftarBeasiswaController,beasiswa,admin
BeasiswaController,beasiswa,admin
VerifikasiPenerimaanBeasiswaController,beasiswa,admin
VerifikasiCrossCheckController,beasiswa,admin
VerifikasiPermohonanSuratController,beasiswa,admin
HkiController,verifikasi,admin
BerkasKegiatanController,portofolio,admin
KegiatanController,portofolio,admin
KegiatanSkemUtil,skpi,admin
Kegiatan,verifikasi,admin
Kegiatan,portofolio,admin
Kegiatan,admin,admin
PembimbingController,kewirausahaan,admin
KegiatanController,kewirausahaan,admin
DanaController,kewirausahaan,admin
PendanaanController,kewirausahaan,admin
KeanggotaanController,kewirausahaan,admin
VerifikasiController,kewirausahaan,admin
SkimController,kewirausahaan,admin
Aspek,kewirausahaan,admin
Penilaian,kewirausahaan,admin
TahapanController,kewirausahaan,admin
SKIM,kewirausahaan,admin
TahapanSKIM,kewirausahaan,admin
AspekController,kewirausahaan,admin
InformasiController,kewirausahaan,admin
JadwalController,kewirausahaan,admin
TerdanaiController,kewirausahaan,admin
DosenController,kewirausahaan,admin
LogbookController,kewirausahaan,admin
BerkasLogbookController,kewirausahaan,admin
Dokumen,kewirausahaan,admin
Dokumen,beasiswa,admin
SyaratDokBeasiswa,beasiswa,admin
Dokumen,verifikasi,admin
Dokumen,magang,admin
Dokumen,portofolio,admin
Dokumen,admin,admin
Dokumen,profil,admin
PenilaianController,kewirausahaan,admin
PenilaiController,kewirausahaan,admin
TahapanKewirausahaan,kewirausahaan,admin
Logbook,kewirausahaan,admin
RiwayatDana,kewirausahaan,admin
Sertifikasi,portofolio,admin
BaseModel,portofolio,admin
BaseModel,admin,admin
BaseModel,skpi,admin
BaseModel,beasiswa,admin
BaseModel,profil,admin
BaseModel,magang,admin
BaseModel,verifikasi,admin
BaseModel,kewirausahaan,admin
LaporanKeuanganUsaha,portofolio,admin
LaporanKeuanganUsaha,verifikasi,admin
LaporanKeuanganUsaha,admin,admin
PortofolioModel,portofolio,admin
VerifikasiModel,beasiswa,admin
VerifikasiPermohonanSuratModel,beasiswa,admin
VerifikasiModel,verifikasi,admin
VerifikasiPendaftarBeasiswaModel,beasiswa,admin
PenerimaBeasiswa,beasiswa,admin
RegistrasiBeasiswa,beasiswa,admin
RiwayatBayarUkt,beasiswa,admin
Anggota,kewirausahaan,admin
Kewirausahaan,kewirausahaan,admin
VerifikasiPenerimaanBeasiswaModel,beasiswa,admin
VerifikasiPenerimaanBeasiswaModel,beasiswa,admin
AdminModel,admin,admin
KaryaIlmiah,portofolio,admin
KaryaIlmiah,verifikasi,admin
KaryaIlmiah,admin,admin
Hki,portofolio,admin
Hki,verifikasi,admin
Hki,admin,admin
Wirausaha,portofolio,admin
Wirausaha,admin,admin
Wirausaha,verifikasi,admin
Sertifikasi,admin,admin
Sertifikasi,verifikasi,admin
Telaah,kewirausahaan,admin
KegiatanController,admin,admin
KegiatanController,verifikasi,admin
BerkasKaryaIlmiahController,portofolio,admin
BerkasBukuController,portofolio,admin
PenulisBukuController,portofolio,admin
PenulisKaryaIlmiahController,portofolio,admin
AnggotaKaryaIlmiah,admin,admin
PengajuanSuratMagang,magang,admin
AnggotaHki,admin,admin
AnggotaHki,verifikasi,admin
AnggotaHki,portofolio,admin
AnggotaKaryaIlmiah,verifikasi,admin
AnggotaKaryaIlmiah,portofolio,admin
KaryaIlmiahController,portofolio,admin
JurnalController,admin,admin
JurnalController,verifikasi,admin
BukuController,verifikasi,admin
BukuController,admin,admin
KaryaIlmiahController,admin,admin
KaryaIlmiahController,verifikasi,admin
BukuController,portofolio,admin
BerkasMagangController,portofolio,admin
MagangController,portofolio,admin
SuratMagangController,magang,admin
KoordinatorSuratMagangController,magang,admin
DataMagangController,magang,admin
AkhirController,magang,admin
AkhirController,magang,admin
MingguanController,magang,admin
JenisLaporanMagang,portofolio,admin
DokumenLaporanMagang,portofolio,admin
DokumenLaporanMagang,magang,admin
JenisLaporanMagang,magang,admin
MingguanController,magang,admin
MingguanController,magang,admin
MingguanController,magang,admin
ProsesMagangController,magang,admin
AjuanMagangController,magang,admin
DosenPembimbingController,magang,admin
PembimbingLapangan,portofolio,admin
RegistrasiMagang,portofolio,admin
PosisiMagang,portofolio,admin
LowonganMagang,portofolio,admin
JenisPenyediaMagang,portofolio,admin
JenisPenyediaMagang,magang,admin
JenisKontrakMagang,portofolio,admin
JenisKontrakMagang,magang,admin
PenawaranLowonganMagang,portofolio,admin
SasaranBeasiswa,beasiswa,admin
PenawaranLowonganMagang,magang,admin
LowonganMagang,magang,admin
PosisiMagang,magang,admin
RegistrasiMagang,magang,admin
ProsesMagangService,magang,admin
PembimbingMagang,portofolio,admin
PembimbingMagang,magang,admin
PembimbingLapangan,magang,admin
Negara,magang,admin
Wilayah,magang,admin
MagangMandiriController,magang,admin
PembimbingLapanganController,magang,admin
DataMagangController,magang,admin
AdminDashboardController,magang,admin
JenisKegiatanMagang,portofolio,admin
JenisKegiatanMagang,magang,admin
DashboardController,magang,admin
LowonganMagangController,magang,admin
LowonganMagangController,magang,admin
LowonganMagangController,magang,admin
DashboardController,magang,admin
LowonganMagangController,magang,admin
LowonganMagangService,magang,admin
SuratMagangService,magang,admin
MagangMandiriService,magang,admin
LaporanMagangService,magang,admin
MagangApiController,portofolio,admin
LaporanMagang,magang,admin
LaporanMagang,portofolio,admin
DashboardController,magang,admin
AdminBerkasLowonganMagangController,magang,admin
AdminLowonganMagangController,magang,admin
DashboardController,magang,admin
Magang,portofolio,admin
Magang,admin,admin
Magang,verifikasi,admin
ExportMagangByRequestService,admin,admin
GetMagangByRequestService,admin,admin
GetMagangByRequestService,verifikasi,admin
GetMagangByDosbingService,verifikasi,admin
PembimbingMagangController,verifikasi,admin
MagangController,admin,admin
MagangController,verifikasi,admin
BerkasWirausahaController,portofolio,admin
WirausahaController,portofolio,admin
WirausahaExport,admin,admin
WirausahaController,verifikasi,admin
WirausahaController,admin,admin
PelakuUsahaController,portofolio,admin
PelakuUsaha,admin,admin
JabatanPelakuUsaha,admin,admin
JabatanPelakuUsaha,verifikasi,admin
JabatanPelakuUsaha,portofolio,admin
PelakuUsaha,verifikasi,admin
PelakuUsaha,portofolio,admin
BerkasLapkeuUsahaController,portofolio,admin
LapkeuUsahaController,portofolio,admin
LaporanKeuanganUsahaRequest,portofolio,admin
KompetisiRequest,portofolio,admin
JenisKompetisiRequest,admin,admin
JenisKegiatanRequest,admin,admin
TempatStudiIndependenRequest,admin,admin
LembagaSertifikasiRequest,admin,admin
PenerimaanBeasiswaRequest,beasiswa,admin
KompetisiRequest,admin,admin
KegiatanRequest,admin,admin
KegiatanRequest,portofolio,admin
KegiatanRequest,verifikasi,admin
AbdimasRequest,admin,admin
AbdimasRequest,portofolio,admin
AbdimasRequest,verifikasi,admin
MagangRequest,admin,admin
StudiIndependenRequest,admin,admin
AnggotaOrmawaRequest,admin,admin
AnggotaOrmawaRequest,portofolio,admin
AnggotaOrmawaRequest,verifikasi,admin
WirausahaRequest,admin,admin
PermohonanSuratRequest,beasiswa,admin
TawaranBeasiswaRequest,beasiswa,admin
VaksinasiRequest,admin,admin
VaksinasiRequest,portofolio,admin
VaksinasiRequest,verifikasi,admin
PemberiBeasiswaRequest,beasiswa,admin
WirausahaRequest,portofolio,admin
WirausahaRequest,verifikasi,admin
PelatihanRequest,admin,admin
PelatihanRequest,portofolio,admin
PelatihanRequest,verifikasi,admin
PertukaranMhsRequest,admin,admin
UploadFileRequest,beasiswa,admin
UploadFileRequest,portofolio,admin
UploadFileRequest,magang,admin
BukuRequest,admin,admin
JurnalRequest,admin,admin
KaryaIlmiahRequest,portofolio,admin
JurnalRequest,verifikasi,admin
HkiRequest,admin,admin
HkiRequest,portofolio,admin
HkiRequest,verifikasi,admin
BukuRequest,portofolio,admin
BukuRequest,verifikasi,admin
PertukaranMhsRequest,portofolio,admin
SertifikasiRequest,portofolio,admin
SertifikasiRequest,admin,admin
SertifikasiRequest,verifikasi,admin
ValidasiRequest,verifikasi,admin
ValidasiRequest,admin,admin
PembimbingKompetisiRequest,portofolio,admin
PembimbingMagangRequest,verifikasi,admin
JsonResponseRequest,beasiswa,admin
JsonResponseRequest,verifikasi,admin
JsonResponseRequest,magang,admin
JsonResponseRequest,portofolio,admin
JsonResponseRequest,admin,admin
PembimbingStudiIndependenRequest,portofolio,admin
OlahragaRequest,admin,admin
OlahragaRequest,portofolio,admin
OlahragaRequest,verifikasi,admin
SyaratBeasiswaRequest,beasiswa,admin
RegistrasiBeasiswaRequest,beasiswa,admin
SyaratDokBeasiswaRequest,beasiswa,admin
OrmawaRequest,admin,admin
SkemaBeasiswaRequest,beasiswa,admin
SkemaBeasiswaController,beasiswa,admin
SemesterRequest,beasiswa,admin
PengumumanRequest,beasiswa,admin
PertukaranMhsRequest,verifikasi,admin
StudiIndependenRequest,portofolio,admin
StudiIndependenRequest,verifikasi,admin
MagangRequest,portofolio,admin
MagangRequest,verifikasi,admin
KompetisiRequest,verifikasi,admin
LapkeuUsahaController,verifikasi,admin
GetKompetisiByRequestService,verifikasi,admin
GetKompetisiByDosbingService,verifikasi,admin
GetRekapitulasiDosbingService,admin,admin
GetRekapitulasiDosbingService,verifikasi,admin
GetMonitoringPortofolioMahasiswa,admin,admin
TUController,skem,admin
KadepController,skem,admin
GetMonitoringPortofolioMahasiswa,verifikasi,admin
GetStudiIndependenByRequestService,verifikasi,admin
GetStudiIndependenByRequestService,admin,admin
GetKaryaIlmiahByRequestService,verifikasi,admin
GetKaryaIlmiahByRequestService,admin,admin
GetVerifikasiPortofolioMahasiswa,verifikasi,admin
GetVerifikasiPortofolioMahasiswa,admin,admin
GetHkiByRequestService,verifikasi,admin
GetHkiByRequestService,admin,admin
MahasiswaController,verifikasi,admin
GetPortofolioByRequestService,admin,admin
ExportBeasiswaByRequestService,beasiswa,admin
ExportPortofolioByRequestService,admin,admin
GetPortofolioByRequestService,beasiswa,admin
GetPortofolioByRequestService,verifikasi,admin
GetMahasiswaWithJurusan,skpi,admin
GetSkpiDocData,skpi,admin
GetMahasiswaForSkpi,skpi,admin
GetMahasiswaWithDoswal,skpi,admin
DashboardController,dashboard,admin
Select2Sdm,beasiswa,admin
Select2UnitOrg,beasiswa,admin
Select2Tawaran,beasiswa,admin
GetSkpisMahasiswa,skpi,admin
IsMahasiswaSetelahTa,skpi,admin
GetMahasiswaSemesters,skpi,admin
GetLampiransMahasiswa,skpi,admin
ShowMahasiswaResponse,skem,admin
IndexSkemResponse,skem,admin
SkemDTO,skem,admin
UpdateStatusSkemRequest,skem,admin
MahasiswaDTO,skem,admin
IndexPerkembanganSkemResponse,skem,admin
Skem,skem,admin
Mahasiswa,skem,admin
DetailPerkembanganSkemResponse,skem,admin
ShowSkemResponse,skem,admin
ShowKegiatanSkemResponse,skem,admin
ShowKegiatanSkemResponse,skem,admin
Aktivitas,skem,admin
AktivitasDTO,skem,admin
Kegiatan,skem,admin
EditSkemResponse,skem,admin
SkemId,skem,admin
SemesterId,skem,admin
ValidatorId,skem,admin
AktivitasId,skem,admin
MahasiswaId,skem,admin
CreateSkemResponse,skem,admin
Wirausaha,skem,admin
Ormawa,skem,admin
Abdimas,skem,admin
Kompetisi,skem,admin
Magang,skem,admin
Internasionalisasi,skem,admin
Pelatihan,skem,admin
LkmmPemandu,skem,admin
StudiIndependen,skem,admin
PertukaranMhs,skem,admin
ShowKegiatanSkemResponse,skem,admin
ShowSkemResponse,skem,admin
ShowSkemResponse,skem,admin
SemesterDTO,skem,admin
Semester,skem,admin
IndexSkemResponse,skem,admin
CreateSkemRequest,skem,admin
IndexSkemService,skem,admin
IndexPerkembanganSkemService,skem,admin
ShowSkemService,skem,admin
HitungStatusSkemService,skem,admin
HitungStatusSkemService,skem,admin
DeleteSkemService,skem,admin
ShowKegiatanSkemService,skem,admin
ShowKegiatanSkemService,skem,admin
ShowKegiatanSkemService,skem,admin
ShowSkemService,skem,admin
IndexSkemService,skem,admin
UpdateStatusSkemService,skem,admin
UpdateStatusSkemService,skem,admin
UpdateStatusSkemService,skem,admin
DeleteSkemService,skem,admin
IndexSkemService,skem,admin
ShowMahasiswaService,skem,admin
IndexMahasiswaService,skem,admin
CheckMahasiswaLulusSkemService,skem,admin
ShowSkemService,skem,admin
DuplicateSkemException,skem,admin
AktivitasNotValidException,skem,admin
AktivitasIsNullException,skem,admin
TipeDataIsFalseException,skem,admin
MahasiswaNotFoundException,skem,admin
IdBidangSkemNotFoundException,skem,admin
KnownException,skem,admin
DomainException,insenkom,admin
BasePersistenceException,skem,admin
UpdateStatusSkemRequest,skem,admin
AjaxResponse,insenkom,admin
UpdateStatusSkemRequest,skem,admin
Validator,skem,admin
IndexPerkembanganSkemRequest,skem,admin
PadananBobotNotFoundException,skem,admin
ElemenPenilaian,skem,admin
AktivitasIsNullException,skem,admin
NameWrapperUtil,skem,admin
PadananNilaiAngkaNotFoundException,skem,admin
ObjectNotFoundException,skem,admin
PadananBobotNotFoundException,skem,admin
PadananNilaiHurufNotFoundException,skem,admin
EditSkemRequest,skem,admin
EditSkemService,skem,admin
StoreSkemService,skem,admin
UpdateSkemService,skem,admin
CreateSkemService,skem,admin
DetailPerkembanganSkemService,skem,admin
MssqlMahasiswaRepository,skem,admin
MssqlSemesterRepository,skem,admin
Semester,beasiswa,admin
Semester,admin,admin
Semester,verifikasi,admin
Semester,portofolio,admin
KondisiEkonomi,beasiswa,admin
JenisBeasiswa,beasiswa,admin
SyaratBeasiswa,beasiswa,admin
SkemaBeasiswa,beasiswa,admin
JenisBeasiswa,beasiswa,admin
Dosen,verifikasi,admin
PembimbingMagang,verifikasi,admin
PembimbingStudiIndependen,portofolio,admin
PembimbingMagang,portofolio,admin
PembimbingKompetisi,admin,admin
PembimbingKompetisi,verifikasi,admin
PembimbingKompetisi,portofolio,admin
Pejabat,beasiswa,admin
PejabatController,beasiswa,admin
Jabatan,beasiswa,admin
JenisPermohonanSurat,beasiswa,admin
KondisiEkonomi,profil,admin
KategoriPengumuman,beasiswa,admin
PengumumanBeasiswa,beasiswa,admin
JenisLembagaDonor,beasiswa,admin
MekanismeBeasiswa,beasiswa,admin
Tahun,beasiswa,admin
Semester,magang,admin
RiwayatBayarUkt,beasiswa,admin
Skem,beasiswa,admin
RiwayatStatusAkademik,beasiswa,admin
PenerimaanBeasiswa,beasiswa,admin
TawaranBeasiswa,beasiswa,admin
Permohonan,beasiswa,admin
DokAdminBeasiswa,beasiswa,admin
DokTawaranBeasiswa,beasiswa,admin
MahasiswaController,admin,admin
IdentitasController,profil,admin
ProfilController,profil,admin
RekeningController,profil,admin
AdminController,skem,admin
PeriodeController,admin,admin
MahasiswaController,skem,admin
StoreSkemRequest,skem,admin
UpdateSkemRequest,skem,admin
BaseController,skem,admin
ValidatorController,skem,admin
GetBaseQueryForPembimbingKompetisiService,insenkom,admin
MssqlPembimbingKompetisiRepository,insenkom,admin
MssqlTimKompetisiRepository,insenkom,admin
GetDaftarAnggotaKompetisiService,insenkom,admin
BaseBerkasController,admin,admin
BaseBerkasController,verifikasi,admin
Placebo,insenkom,insenkom
DTO,insenkom,insenkom
GenerateSkpiDoc,skpi,skpi
UuidHelper,admin,admin
BaseService,insenkom,insenkom
BerkasHelper,admin,admin
PortofolioController,portofolio,portofolio
DateUtil,skpi,skpi
BaseController,magang,magang
