Pendaftaran,iup,iup
SqlPembayaranRepository,iup,iup
Pendaftaran,vokasi,vokasi
SqlPembayaranRepository,vokasi,vokasi
SqlJalurMasukRepository,backoffice,backoffice
Pendaftaran,sarjanaprestasi,sarjanaprestasi
StoreBerkasRequest,berkas,berkas
UpdateBerkasRequest,berkas,berkas
KompetensiAkademik,vrmreguler,vrmreguler
KontakService,skmkemitraan,iuptes
SqlPenghasilanRepository,sarjanaprestasi,iuptes
DokumenPendaftaran,skmmandiri,iuptes
SqlPendaftarRepository,iuptes,iuptes
DokumenService,skmkemitraan,iuptes
SqlJenisPrestasiRepository,iuptes,iuptes
AlamatDomisili,iup,iuptes
TambahTka,vrmreguler,iuptes
DataOrtuPendaftar,vrmreguler,iuptes
Spi,skmmandiri,iuptes
PrestasiRequest,vrmreguler,iuptes
Tka,iuptes,iuptes
PrestasiRequest,vokasi,iuptes
FotoProfilRequest,vokasi,iuptes
SqlPendaftarRepository,iup,iuptes
FotoProfilRequest,iup,iuptes
KipKuliahService,sarjanaprestasi,iuptes
Pendidikan,vrmreguler,iuptes
UtbkRequest,skmkemitraan,iuptes
Dokumen,iuptes,iuptes
SqlAgamaRepository,skmmandiri,iuptes
DataPribadiRequest,sarjanaprestasi,iuptes
Dokumen,skmmandiri,iuptes
Pendaftar,skmmandiri,iuptes
Alamat,vrmmandiri,iuptes
DokumenService,pendaftaran,iuptes
AlamatRequest,pendaftaran,iuptes
DataRapor,skmkemitraan,iuptes
SqlTkaRepository,vrmreguler,iuptes
Alamat,iuptes,iuptes
SqlIgcseRepository,iuptes,iuptes
DataPendidikan,vrmmandiri,iuptes
TambahPrestasi,vrmreguler,iuptes
SqlPendidikanRepository,sarjanaprestasi,iuptes
FotoProfilRequest,iuptes,iuptes
SqlPrestasiRepository,skmkemitraan,iuptes
KipKuliahPendaftar,vrmreguler,iuptes
SqlPekerjaanRepository,skmmandiri,iuptes
SqlJenisHubunganKontakDarurat,pendaftaran,iuptes
SqlJenisHubunganKontakDarurat,skmmandiri,iuptes
PrestasiService,vrmreguler,iuptes
EptRequest,iup,iuptes
IgcseRequest,iuptes,iuptes
SqlPendidikanRepository,backoffice,iuptes
DataPribadiRequest,iuptes,iuptes
ProgramStudiService,skmkemitraan,iuptes
DataOrtuPendaftar,skmkemitraan,iuptes
SimpanRoleRequest,beranda,iuptes
SqlTkaRepository,skmmandiri,iuptes
DataWali,iuptes,iuptes
IsAlamatSama,iup,iuptes
SqlAgamaRepository,iuptes,iuptes
AlamatRequest,vrmmandiri,iuptes
FotoProfilRequest,skmkemitraan,iuptes
SqlRumpunJurusanRepository,skmkemitraan,iuptes
KipKuliahService,vrmreguler,iuptes
Utbk,iuptes,iuptes
PrestasiRequest,vokasi,iuptes
SqlAgamaRepository,vokasi,iuptes
KontakRequest,skmkemitraan,iuptes
SqlPendidikanRepository,vrmreguler,iuptes
SqlPilihanRepository,iup,iuptes
DokumenVerifikasi,pendaftaran,iuptes
DataPribadiPendaftar,vokasi,iuptes
DokumenPendaftaran,skmkemitraan,iuptes
Pendaftaran,vrmreguler,iuptes
DataPribadiPendaftar,iuptes,iuptes
DataWaliRequest,iuptes,iuptes
Select2CapaianRequest,skmmandiri,iuptes
DataAyah,pendaftaran,iuptes
FotoProfilRequest,skmmandiri,iuptes
SqlPembayaranRepository,vrmreguler,iuptes
SqlRaportRepository,vrmmandiri,iuptes
DokumenService,sarjanaprestasi,iuptes
DataPendidikan,sarjanaprestasi,iuptes
TambahPrestasi,vrmmandiri,iuptes
FotoProfilRequest,vrmreguler,iuptes
SqlRiwayatDokumenRepository,iup,iuptes
PrestasiService,vrmmandiri,iuptes
PrestasiService,iup,iuptes
TambahPendaftaranUtbk,skmkemitraan,iuptes
DataWaliService,vrmreguler,iuptes
SqlAgamaRepository,iup,iuptes
SqlWaliRepository,vokasi,iuptes
Select2CapaianResponse,sarjanaprestasi,iuptes
ValidasiPortofolioRequest,backoffice,iuptes
Alamat,sarjanaprestasi,iuptes
Select2CapaianRequest,sarjanaprestasi,iuptes
SqlIgcseRepository,backoffice,iuptes
DataPribadiPendaftar,pendaftaran,iuptes
IsAlamatSama,sarjanaprestasi,iuptes
DataWali,skmkemitraan,iuptes
FotoProfilPendaftar,vrmreguler,iuptes
Kontak,skmkemitraan,iuptes
KontakWali,vokasi,iuptes
KontakWali,skmkemitraan,iuptes
Select2CapaianResponse,vrmreguler,iuptes
AlamatWali,vrmreguler,iuptes
DataRapor,vrmreguler,iuptes
SqlKotaUtbkRepository,skmmandiri,iuptes
ProgramStudi,vokasi,iuptes
PrestasiService,vrmmandiri,iuptes
SqlRiwayatDokumenRepository,iuptes,iuptes
SqlRumpunJurusanRepository,vokasi,iuptes
PrestasiRequest,iuptes,iuptes
Pendidikan,iuptes,iuptes
PendidikanRequest,skmkemitraan,iuptes
DataWaliRequest,sarjanaprestasi,iuptes
DataRapor,skmmandiri,iuptes
FotoProfilService,iuptes,iuptes
Prestasi,skmkemitraan,iuptes
PendidikanRequest,skmmandiri,iuptes
DokumenService,skmmandiri,iuptes
SqlEptRepository,iup,iuptes
SqlUtbkRepository,skmkemitraan,iuptes
SqlPekerjaanRepository,vrmreguler,iuptes
ProgramStudiService,sarjanaprestasi,iuptes
DokumenPendaftaran,vrmmandiri,iuptes
DataRapor,sarjanaprestasi,iuptes
AlamatKtp,iuptes,iuptes
DataPribadiRequest,pendaftaran,iuptes
DokumenRiwayatPendidikan,vrmmandiri,iuptes
SqlPenghasilanRepository,vrmmandiri,iuptes
KompetensiAkademik,vrmmandiri,iuptes
SqlPilihanRepository,vrmreguler,iuptes
PrestasiService,skmkemitraan,iuptes
Utbk,skmkemitraan,iuptes
Prestasi,vrmreguler,iuptes
SqlPrestasiRepository,iup,iuptes
Utbk,skmmandiri,iuptes
SqlCapaianPrestasiRepository,vrmreguler,iuptes
SqlJenisHubunganKontakDarurat,vokasi,iuptes
DataWaliRequest,skmkemitraan,iuptes
Alamat,pendaftaran,iuptes
Tka,skmkemitraan,iuptes
SqlJalurMasukRepository,beranda,iuptes
ProgramStudi,skmmandiri,iuptes
PrestasiRequest,iup,iuptes
SqlPrestasiRepository,vokasi,iuptes
DataOrtuPendaftar,vokasi,iuptes
PrestasiService,skmmandiri,iuptes
SqlWaliRepository,skmmandiri,iuptes
AlamatWali,skmmandiri,iuptes
Pendidikan,sarjanaprestasi,iuptes
SatRequest,iup,iuptes
PendidikanService,sarjanaprestasi,iuptes
Rapor,iuptes,iuptes
AlamatRequest,skmkemitraan,iuptes
DokumenService,iup,iuptes
Select2CapaianRequest,vokasi,iuptes
RiwayatDokumen,iup,iuptes
DokumenRiwayatPendidikan,sarjanaprestasi,iuptes
DataWaliService,pendaftaran,iuptes
KontakService,vrmreguler,iuptes
PrestasiRequest,vrmmandiri,iuptes
SqlKotaUtbkRepository,iuptes,iuptes
SqlDokumenRepository,iuptes,iuptes
SqlPilihanRepository,vokasi,iuptes
DokumenRequest,skmkemitraan,iuptes
DataWaliService,vrmmandiri,iuptes
DataWaliService,skmmandiri,iuptes
ProgramStudiRequest,vrmreguler,iuptes
RiwayatDokumen,vrmreguler,iuptes
Select2TingkatRequest,vrmreguler,iuptes
SqlPendaftarRepository,sarjanaprestasi,iuptes
DokumenPendaftaran,iuptes,iuptes
ProgramStudiRequest,iuptes,iuptes
Pendaftar,iup,iuptes
SqlDokumenRepository,skmkemitraan,iuptes
Select2CapaianRequest,vrmreguler,iuptes
SqlJenisPrestasiRepository,vokasi,iuptes
Pilihan,iuptes,iuptes
AlamatRequest,vokasi,iuptes
Pendaftar,sarjanaprestasi,iuptes
ValidasiPrestasiRequest,backoffice,iuptes
SqlCapaianPrestasiRepository,skmkemitraan,iuptes
KontakRequest,vokasi,iuptes
Pendaftar,vrmmandiri,iuptes
AlamatWali,vrmmandiri,iuptes
Kontak,iuptes,iuptes
Select2TingkatRequest,skmkemitraan,iuptes
SqlRaportRepository,vrmreguler,iuptes
SqlPekerjaanRepository,vrmmandiri,iuptes
Prestasi,vrmmandiri,iuptes
TesKemampuanBahasa,iup,iuptes
SqlAgamaRepository,vrmmandiri,iuptes
Tka,vrmreguler,iuptes
SqlRiwayatDokumenRepository,sarjanaprestasi,iuptes
DataAyah,iup,iuptes
Pendaftar,vrmreguler,iuptes
SqlPersetujuanDiterimaRepository,vrmreguler,iuptes
SimpanRoleService,beranda,iuptes
SqlWaliRepository,vrmreguler,iuptes
ProgramStudi,vrmmandiri,iuptes
Select2CapaianRequest,iuptes,iuptes
ValidasiPrestasiService,backoffice,iuptes
TambahPendaftaranUtbk,iuptes,iuptes
SqlRaportRepository,vokasi,iuptes
SqlPendidikanRepository,skmmandiri,iuptes
DokumenPendaftar,iuptes,iuptes
SpiRequest,vrmmandiri,iuptes
SqlPenghasilanRepository,skmkemitraan,iuptes
Kontak,skmmandiri,iuptes
SqlUtbkRepository,vrmreguler,iuptes
AlamatKtp,vrmmandiri,iuptes
KontakWali,iuptes,iuptes
Alamat,vokasi,iuptes
Prestasi,skmmandiri,iuptes
KontakWali,skmmandiri,iuptes
AlamatRequest,iuptes,iuptes
PrestasiService,iuptes,iuptes
PendidikanRequest,vrmmandiri,iuptes
Pilihan,sarjanaprestasi,iuptes
SqlPendidikanRepository,iuptes,iuptes
DokumenPendaftaran,vokasi,iuptes
Kontak,sarjanaprestasi,iuptes
Select2TingkatRequest,iuptes,iuptes
FotoProfilRequest,pendaftaran,iuptes
PendidikanRequest,vrmreguler,iuptes
Prestasi,iuptes,iuptes
DokumenService,iuptes,iuptes
SqlDokumenRepository,vokasi,iuptes
SqlDokumenRepository,sarjanaprestasi,iuptes
SqlDokumenRepository,vrmreguler,iuptes
SqlPembayaranRepository,iuptes,iuptes
Pendidikan,skmkemitraan,iuptes
ProgramStudi,iup,iuptes
AlamatKtp,skmmandiri,iuptes
SatRequest,iuptes,iuptes
IgcseRequest,iup,iuptes
PrestasiService,sarjanaprestasi,iuptes
AlamatWali,iup,iuptes
KontakWali,vrmreguler,iuptes
PrestasiService,sarjanaprestasi,iuptes
SqlRaportRepository,iup,iuptes
IgcseService,iup,iuptes
SqlPenghasilanRepository,vokasi,iuptes
AlamatWali,skmkemitraan,iuptes
PrestasiRequest,skmkemitraan,iuptes
KontakService,vrmmandiri,iuptes
PendidikanRequest,iup,iuptes
IgcseService,iuptes,iuptes
SqlWaliRepository,iup,iuptes
DokumenRequest,skmmandiri,iuptes
AlamatKtp,vokasi,iuptes
DokumenPendaftar,vrmmandiri,iuptes
Sat,iuptes,iuptes
SqlPendidikanRepository,vokasi,iuptes
IsAlamatSama,skmkemitraan,iuptes
AlamatDomisili,vokasi,iuptes
SqlTingkatKompetisiRepository,iuptes,iuptes
AlamatKtp,skmkemitraan,iuptes
SpiRequest,iup,iuptes
KontakWali,vrmmandiri,iuptes
SqlRiwayatDokumenRepository,vrmreguler,iuptes
AlamatService,iuptes,iuptes
Select2CapaianRequest,skmkemitraan,iuptes
SqlPembayaranRepository,vrmmandiri,iuptes
KontakRequest,iup,iuptes
DataPribadiService,iuptes,iuptes
SqlCapaianPrestasiRepository,sarjanaprestasi,iuptes
Select2CapaianResponse,skmkemitraan,iuptes
KontakRequest,pendaftaran,iuptes
IsAlamatSama,skmmandiri,iuptes
AlamatWali,sarjanaprestasi,iuptes
SqlKotaUtbkRepository,vrmreguler,iuptes
AlamatKtp,vrmreguler,iuptes
DataIbuPendaftar,pendaftaran,iuptes
ProgramStudiRequest,vrmmandiri,iuptes
Alamat,vrmreguler,iuptes
SpiService,skmmandiri,iuptes
SqlAgamaRepository,sarjanaprestasi,iuptes
SqlRaportRepository,skmmandiri,iuptes
SqlPekerjaanRepository,iup,iuptes
ProgramStudiRequest,sarjanaprestasi,iuptes
Select2TingkatResponse,iuptes,iuptes
UtbkService,skmkemitraan,iuptes
PendidikanService,vrmreguler,iuptes
DataWaliService,iup,iuptes
TambahUtbk,skmkemitraan,iuptes
FotoProfilService,skmkemitraan,iuptes
KontakWali,iup,iuptes
SqlJenisHubunganKontakDarurat,iup,iuptes
SqlPembayaranRepository,sarjanaprestasi,iuptes
SqlKotaUtbkRepository,vrmmandiri,iuptes
Pendidikan,iup,iuptes
ProgramStudiRequest,skmmandiri,iuptes
AlamatRequest,vrmreguler,iuptes
ValidasiPortofolioService,backoffice,iuptes
KontakService,iup,iuptes
DataPribadiRequest,skmkemitraan,iuptes
Prestasi,vokasi,iuptes
FotoProfilRequest,sarjanaprestasi,iuptes
SqlSatRepository,iup,iuptes
IgcseService,iup,iuptes
SqlSatRepository,iuptes,iuptes
PrestasiService,vokasi,iuptes
KontakRequest,skmmandiri,iuptes
PrestasiRequest,iup,iuptes
SqlAgamaRepository,pendaftaran,iuptes
KontakWali,pendaftaran,iuptes
SqlPilihanRepository,vrmmandiri,iuptes
SqlUtbkRepository,skmmandiri,iuptes
Rapor,vokasi,iuptes
DataPribadiService,skmkemitraan,iuptes
SqlKompetensiAkademikRepository,skmkemitraan,iuptes
TambahTka,iuptes,iuptes
SqlWaliRepository,pendaftaran,iuptes
SqlPendidikanRepository,vrmmandiri,iuptes
FotoProfilPendaftar,sarjanaprestasi,iuptes
SqlPekerjaanRepository,skmkemitraan,iuptes
FotoProfilService,pendaftaran,iuptes
TambahPendaftaranUtbk,skmmandiri,iuptes
ProgramStudiService,vokasi,iuptes
SqlRaportRepository,iuptes,iuptes
RiwayatDokumen,skmkemitraan,iuptes
IsAlamatSama,vrmreguler,iuptes
Rapor,skmkemitraan,iuptes
TambahPrestasi,iup,iuptes
Select2CapaianRequest,vrmmandiri,iuptes
FotoProfilPendaftar,iup,iuptes
SpiService,iuptes,iuptes
Pilihan,vrmreguler,iuptes
SqlWaliRepository,sarjanaprestasi,iuptes
DataPribadiService,pendaftaran,iuptes
SqlJenisHubunganKontakDarurat,vrmreguler,iuptes
PendidikanService,skmkemitraan,iuptes
SqlCapaianPrestasiRepository,iup,iuptes
PendidikanRequest,vokasi,iuptes
ProgramStudiService,vrmmandiri,iuptes
AlamatRequest,sarjanaprestasi,iuptes
SqlCapaianPrestasiRepository,vrmmandiri,iuptes
AlamatKtp,sarjanaprestasi,iuptes
AlamatService,vrmreguler,iuptes
AlamatWali,iuptes,iuptes
DataIbuPendaftar,iup,iuptes
DataWaliService,iuptes,iuptes
SqlWaliRepository,vrmmandiri,iuptes
KompetensiAkademik,iuptes,iuptes
SqlProgramStudiRepository,skmmandiri,iuptes
SqlPenghasilanRepository,skmmandiri,iuptes
IgcseRequest,iup,iuptes
PrestasiService,skmkemitraan,iuptes
ProgramStudiRequest,iup,iuptes
ProgramStudiService,skmmandiri,iuptes
KompetensiAkademik,iup,iuptes
DataWaliRequest,pendaftaran,iuptes
Kontak,pendaftaran,iuptes
Rapor,sarjanaprestasi,iuptes
SqlPendaftarRepository,backoffice,iuptes
SqlRiwayatDokumenRepository,skmmandiri,iuptes
AlamatService,vrmmandiri,iuptes
DataPribadiPendaftar,iup,iuptes
SqlJenisHubunganKontakDarurat,skmkemitraan,iuptes
Pendaftaran,skmkemitraan,iuptes
SqlProgramStudiRepository,iuptes,iuptes
SqlCapaianPrestasiRepository,backoffice,iuptes
DataPendidikan,skmkemitraan,iuptes
Select2CapaianResponse,skmmandiri,iuptes
DokumenRiwayatPendidikan,iup,iuptes
PrestasiService,vrmreguler,iuptes
RiwayatDokumen,vokasi,iuptes
MitraService,skmkemitraan,iuptes
Pendidikan,vokasi,iuptes
SqlProgramStudiRepository,iup,iuptes
AlamatDomisili,skmkemitraan,iuptes
SqlPendidikanRepository,iup,iuptes
DokumenRequest,vrmreguler,iuptes
SqlPekerjaanRepository,iuptes,iuptes
DataPendidikan,skmmandiri,iuptes
DokumenPendaftar,iup,iuptes
Pendaftar,pendaftaran,iuptes
PendidikanService,vokasi,iuptes
KompetensiAkademik,skmkemitraan,iuptes
DataPribadiPendaftar,vrmmandiri,iuptes
SqlPrestasiRepository,skmmandiri,iuptes
AlamatDomisili,vrmmandiri,iuptes
DataWaliRequest,vrmreguler,iuptes
AlamatDomisili,sarjanaprestasi,iuptes
TambahTka,skmmandiri,iuptes
PendidikanService,vrmmandiri,iuptes
DokumenRequest,sarjanaprestasi,iuptes
SqlAgamaRepository,vrmreguler,iuptes
DataIbu,pendaftaran,iuptes
DokumenRiwayatPendidikan,vrmreguler,iuptes
Kontak,vrmmandiri,iuptes
Spi,iuptes,iuptes
FotoProfilPendaftar,vrmmandiri,iuptes
Pilihan,skmmandiri,iuptes
SqlJenisPrestasiRepository,iup,iuptes
ProgramStudiService,iup,iuptes
Select2TingkatRequest,sarjanaprestasi,iuptes
DokumenPendaftar,skmmandiri,iuptes
DokumenPendaftaran,iup,iuptes
Kontak,vrmreguler,iuptes
DokumenPendaftar,sarjanaprestasi,iuptes
DokumenRiwayatPendidikan,iuptes,iuptes
ProgramStudi,sarjanaprestasi,iuptes
DokumenRiwayatPendidikan,skmkemitraan,iuptes
Rapor,vrmreguler,iuptes
DokumenService,vrmreguler,iuptes
Select2TingkatResponse,iup,iuptes
Select2TingkatRequest,skmmandiri,iuptes
SqlPembayaranRepository,backoffice,iuptes
DataOrtuPendaftar,skmmandiri,iuptes
DataWaliRequest,iup,iuptes
RolePendaftar,beranda,iuptes
AlamatDomisili,pendaftaran,iuptes
Alamat,iup,iuptes
SqlPilihanRepository,iuptes,iuptes
SqlCapaianPrestasiRepository,iuptes,iuptes
Select2CapaianRequest,iup,iuptes
DataWali,iup,iuptes
Select2TingkatResponse,skmkemitraan,iuptes
FotoProfilRequest,vrmmandiri,iuptes
KontakRequest,vrmmandiri,iuptes
SpiService,vrmmandiri,iuptes
SqlProgramStudiRepository,skmkemitraan,iuptes
SqlPekerjaanRepository,pendaftaran,iuptes
Dokumen,vrmmandiri,iuptes
AlamatKtp,iup,iuptes
AlamatRequest,skmmandiri,iuptes
TambahUtbk,vrmreguler,iuptes
DataPribadiRequest,vrmmandiri,iuptes
SatService,iup,iuptes
DokumenPendaftar,vrmreguler,iuptes
Kontak,iup,iuptes
SqlPilihanRepository,backoffice,iuptes
PendidikanService,iuptes,iuptes
Rapor,iup,iuptes
IgcseService,iuptes,iuptes
AlamatService,skmmandiri,iuptes
TambahPrestasi,skmkemitraan,iuptes
Spi,skmkemitraan,iuptes
UtbkService,vrmreguler,iuptes
KompetensiAkademikPendaftar,iuptes,iuptes
KipKuliahRequest,vrmreguler,iuptes
Alamat,skmkemitraan,iuptes
SqlPenghasilanRepository,iup,iuptes
SatRequest,iuptes,iuptes
PrestasiService,vokasi,iuptes
DataPribadiService,vrmreguler,iuptes
SqlWaliRepository,backoffice,iuptes
SqlJenisHubunganKontakDarurat,iuptes,iuptes
SpiRequest,iuptes,iuptes
SqlTingkatKompetisiRepository,vrmmandiri,iuptes
SqlPilihanRepository,skmkemitraan,iuptes
KipKuliahRequest,sarjanaprestasi,iuptes
DataPendidikan,vrmreguler,iuptes
SqlKompetensiAkademikRepository,iup,iuptes
KontakService,vokasi,iuptes
TambahPendaftaranUtbk,vrmreguler,iuptes
TambahPrestasi,sarjanaprestasi,iuptes
KipKuliahService,vokasi,iuptes
SqlRumpunJurusanRepository,sarjanaprestasi,iuptes
Select2CapaianResponse,iuptes,iuptes
FotoProfilService,iup,iuptes
Rapor,vrmmandiri,iuptes
PrestasiService,iup,iuptes
SqlPembayaranRepository,skmkemitraan,iuptes
KontakRequest,vrmreguler,iuptes
SpiService,iup,iuptes
SqlTingkatKompetisiRepository,skmkemitraan,iuptes
DataPribadiPendaftar,skmkemitraan,iuptes
SqlRumpunJurusanRepository,vrmmandiri,iuptes
IsAlamatSama,vrmmandiri,iuptes
AlamatWali,vokasi,iuptes
DataOrtuPendaftar,iuptes,iuptes
FotoProfilPendaftar,vokasi,iuptes
SqlUtbkRepository,iuptes,iuptes
SqlCapaianPrestasiRepository,skmmandiri,iuptes
SqlPekerjaanRepository,vokasi,iuptes
SqlRaportRepository,sarjanaprestasi,iuptes
Pilihan,vrmmandiri,iuptes
SqlRaportRepository,skmkemitraan,iuptes
SqlKotaUtbkRepository,skmkemitraan,iuptes
PrestasiRequest,skmmandiri,iuptes
KontakWali,sarjanaprestasi,iuptes
SqlPrestasiRepository,vrmmandiri,iuptes
DataPribadiRequest,vokasi,iuptes
Dokumen,vokasi,iuptes
DokumenPendaftar,pendaftaran,iuptes
Utbk,vrmmandiri,iuptes
SqlPenghasilanRepository,pendaftaran,iuptes
DataPribadiPendaftar,skmmandiri,iuptes
UtbkService,skmmandiri,iuptes
KipKuliahRequest,vokasi,iuptes
UtbkRequest,iuptes,iuptes
SqlKompetensiAkademikRepository,vrmmandiri,iuptes
PendidikanRequest,sarjanaprestasi,iuptes
DataPendidikan,iup,iuptes
SqlJenisPrestasiRepository,skmmandiri,iuptes
DataWali,skmmandiri,iuptes
EptService,iup,iuptes
EptRequest,iup,iuptes
DokumenService,vokasi,iuptes
SqlPendaftarRepository,beranda,iuptes
Pendaftar,skmkemitraan,iuptes
DokumenRiwayatPendidikan,skmmandiri,iuptes
SqlProgramStudiRepository,sarjanaprestasi,iuptes
Select2TingkatResponse,vrmreguler,iuptes
SqlWaliRepository,skmkemitraan,iuptes
KontakRequest,sarjanaprestasi,iuptes
DataPendidikan,vokasi,iuptes
AlamatService,vokasi,iuptes
TambahUtbk,vrmmandiri,iuptes
KontakRequest,iuptes,iuptes
EptService,iup,iuptes
SqlJenisPrestasiRepository,vrmmandiri,iuptes
ProgramStudi,iuptes,iuptes
SqlKompetensiAkademikRepository,iuptes,iuptes
SqlPembayaranRepository,skmmandiri,iuptes
DataWali,pendaftaran,iuptes
SatService,iuptes,iuptes
DataPribadiRequest,vrmreguler,iuptes
SqlJenisPrestasiRepository,vrmreguler,iuptes
AlamatRequest,iup,iuptes
ProgramStudi,skmkemitraan,iuptes
DokumenPendaftaran,sarjanaprestasi,iuptes
SqlIgcseRepository,iup,iuptes
KontakService,skmmandiri,iuptes
SqlRiwayatDokumenRepository,skmkemitraan,iuptes
DataWali,vokasi,iuptes
SqlPendaftarRepository,skmmandiri,iuptes
KontakService,sarjanaprestasi,iuptes
Pendaftar,iuptes,iuptes
Tka,skmmandiri,iuptes
DokumenRequest,iuptes,iuptes
DataPribadiService,sarjanaprestasi,iuptes
DataOrtuPendaftar,vrmmandiri,iuptes
Select2TingkatRequest,vokasi,iuptes
Kontak,vokasi,iuptes
IsAlamatSama,pendaftaran,iuptes
FotoProfilPendaftar,pendaftaran,iuptes
Rapor,skmmandiri,iuptes
DokumenRequest,iup,iuptes
SqlPendaftarRepository,vokasi,iuptes
DokumenRequest,pendaftaran,iuptes
PrestasiRequest,iuptes,iuptes
ProgramStudi,vrmreguler,iuptes
DataPribadiPendaftar,sarjanaprestasi,iuptes
Dokumen,vrmreguler,iuptes
SqlProgramStudiRepository,vrmreguler,iuptes
Select2CapaianResponse,vokasi,iuptes
SqlTkaRepository,iuptes,iuptes
Select2TingkatResponse,skmmandiri,iuptes
SqlRumpunJurusanRepository,iup,iuptes
SqlPekerjaanRepository,sarjanaprestasi,iuptes
SqlTkaRepository,skmkemitraan,iuptes
Select2TingkatResponse,vrmmandiri,iuptes
RiwayatDokumen,vrmmandiri,iuptes
ProgramStudiRequest,skmkemitraan,iuptes
FotoProfilPendaftar,iuptes,iuptes
KontakService,iuptes,iuptes
Pendidikan,skmmandiri,iuptes
Select2CapaianResponse,iup,iuptes
Spi,iup,iuptes
MitraRequest,skmkemitraan,iuptes
Dokumen,sarjanaprestasi,iuptes
RiwayatDokumen,sarjanaprestasi,iuptes
SqlAlamatRepository,backoffice,iuptes
Select2TingkatResponse,sarjanaprestasi,iuptes
AlamatDomisili,iuptes,iuptes
UtbkService,vrmmandiri,iuptes
SqlPendidikanRepository,skmkemitraan,iuptes
DataPribadiRequest,skmmandiri,iuptes
FotoProfilService,sarjanaprestasi,iuptes
DataRapor,vrmmandiri,iuptes
SqlProgramStudiRepository,vrmmandiri,iuptes
Prestasi,iup,iuptes
SqlDokumenRepository,skmmandiri,iuptes
DokumenPendaftar,skmkemitraan,iuptes
SqlRiwayatDokumenRepository,vokasi,iuptes
PrestasiRequest,vrmmandiri,iuptes
Pendaftaran,iuptes,iuptes
KipKuliahPendaftar,sarjanaprestasi,iuptes
FotoProfilService,vokasi,iuptes
DataWaliService,skmkemitraan,iuptes
TambahPrestasi,vokasi,iuptes
Dokumen,pendaftaran,iuptes
SqlRumpunJurusanRepository,skmmandiri,iuptes
Select2TingkatResponse,vokasi,iuptes
SpiService,skmkemitraan,iuptes
DataWaliService,sarjanaprestasi,iuptes
SqlPilihanRepository,skmmandiri,iuptes
Igcse,iup,iuptes
SqlDokumenRepository,backoffice,iuptes
SqlPrestasiRepository,vrmreguler,iuptes
IsAlamatSama,vokasi,iuptes
SqlDokumenRepository,iup,iuptes
AlamatService,pendaftaran,iuptes
DokumenRequest,vrmmandiri,iuptes
Dokumen,skmkemitraan,iuptes
UtbkRequest,skmmandiri,iuptes
Pendaftar,vokasi,iuptes
Mitra,skmkemitraan,iuptes
DataWali,sarjanaprestasi,iuptes
DataPribadiService,iup,iuptes
SqlPrestasiRepository,iuptes,iuptes
SqlPilihanRepository,sarjanaprestasi,iuptes
UtbkRequest,vrmreguler,iuptes
DataRapor,vokasi,iuptes
AlamatService,skmkemitraan,iuptes
IsAlamatSama,iuptes,iuptes
TambahTka,skmkemitraan,iuptes
DataPribadiPendaftar,vrmreguler,iuptes
SqlRumpunJurusanRepository,iuptes,iuptes
SqlTingkatKompetisiRepository,vrmreguler,iuptes
SqlProgramStudiRepository,vokasi,iuptes
ProgramStudiService,iuptes,iuptes
SqlSatRepository,backoffice,iuptes
FotoProfilPendaftar,skmkemitraan,iuptes
SqlTingkatKompetisiRepository,sarjanaprestasi,iuptes
Select2CapaianResponse,vrmmandiri,iuptes
KipKuliahPendaftar,vokasi,iuptes
Spi,vrmmandiri,iuptes
Prestasi,sarjanaprestasi,iuptes
DokumenRiwayatPendidikan,vokasi,iuptes
Alamat,skmmandiri,iuptes
TambahUtbk,iuptes,iuptes
PrestasiRequest,sarjanaprestasi,iuptes
SqlAgamaRepository,skmkemitraan,iuptes
SqlUtbkRepository,vrmmandiri,iuptes
SqlPendaftarRepository,vrmreguler,iuptes
Select2TingkatRequest,iup,iuptes
SqlJenisPrestasiRepository,skmkemitraan,iuptes
SatRequest,iup,iuptes
SqlPendaftarRepository,skmkemitraan,iuptes
DokumenPendaftaran,vrmreguler,iuptes
KontakService,pendaftaran,iuptes
Sat,iup,iuptes
Pilihan,iup,iuptes
SatService,iup,iuptes
SqlTingkatKompetisiRepository,vokasi,iuptes
DataRapor,iuptes,iuptes
PrestasiRequest,skmmandiri,iuptes
SqlPenghasilanRepository,vrmreguler,iuptes
Pendidikan,vrmmandiri,iuptes
SqlPeriodeRepository,backoffice,iuptes
SqlDokumenRepository,vrmmandiri,iuptes
SatService,iuptes,iuptes
PrestasiRequest,skmkemitraan,iuptes
TambahPrestasi,iuptes,iuptes
Utbk,vrmreguler,iuptes
PendidikanService,skmmandiri,iuptes
SqlPrestasiRepository,sarjanaprestasi,iuptes
DataPribadiService,skmmandiri,iuptes
DataWaliRequest,vrmmandiri,iuptes
TambahTka,vrmmandiri,iuptes
SqlJenisHubunganKontakDarurat,vrmmandiri,iuptes
ProgramStudiRequest,vokasi,iuptes
DokumenPendaftar,vokasi,iuptes
DataWali,vrmmandiri,iuptes
PrestasiService,skmmandiri,iuptes
PrestasiService,iuptes,iuptes
DataWaliRequest,skmmandiri,iuptes
SqlRiwayatDokumenRepository,vrmmandiri,iuptes
Dokumen,iup,iuptes
FotoProfilService,vrmreguler,iuptes
UtbkService,iuptes,iuptes
PrestasiRequest,vrmreguler,iuptes
DataRapor,iup,iuptes
SqlPendaftarRepository,vrmmandiri,iuptes
SqlRumpunJurusanRepository,vrmreguler,iuptes
TambahPrestasi,skmmandiri,iuptes
Pendaftaran,vrmmandiri,iuptes
AlamatService,sarjanaprestasi,iuptes
FotoProfilService,skmmandiri,iuptes
AlamatDomisili,skmmandiri,iuptes
TambahPendaftaranUtbk,vrmmandiri,iuptes
DataPribadiService,vokasi,iuptes
DataPribadiRequest,iup,iuptes
SqlPendaftarRepository,pendaftaran,iuptes
SqlJenisHubunganKontakDarurat,sarjanaprestasi,iuptes
AlamatKtp,pendaftaran,iuptes
SqlKompetensiAkademikRepository,skmmandiri,iuptes
DataPribadiService,vrmmandiri,iuptes
FotoProfilService,vrmmandiri,iuptes
SpiRequest,skmmandiri,iuptes
RiwayatDokumen,iuptes,iuptes
DataWaliService,vokasi,iuptes
Pendaftar,beranda,iuptes
DataPendidikan,iuptes,iuptes
DataWaliRequest,vokasi,iuptes
DokumenService,vrmmandiri,iuptes
AlamatWali,pendaftaran,iuptes
SqlMitraRepository,skmkemitraan,iuptes
SqlWaliRepository,iuptes,iuptes
SqlPenghasilanRepository,iuptes,iuptes
Select2TingkatRequest,vrmmandiri,iuptes
Igcse,iuptes,iuptes
KompetensiAkademikPendaftar,iup,iuptes
IgcseRequest,iuptes,iuptes
UtbkRequest,vrmmandiri,iuptes
SqlProgramStudiRepository,backoffice,iuptes
SqlJenisPrestasiRepository,sarjanaprestasi,iuptes
SqlNilaiPortofolioRepository,backoffice,iuptes
FotoProfilPendaftar,skmmandiri,iuptes
SqlTingkatKompetisiRepository,skmmandiri,iuptes
AlamatService,iup,iuptes
AlamatDomisili,vrmreguler,iuptes
SpiRequest,skmkemitraan,iuptes
DataWali,vrmreguler,iuptes
SqlTkaRepository,vrmmandiri,iuptes
TambahUtbk,skmmandiri,iuptes
Pilihan,vokasi,iuptes
SqlTingkatKompetisiRepository,iup,iuptes
Pilihan,skmkemitraan,iuptes
Tka,vrmmandiri,iuptes
Pendaftaran,skmmandiri,iuptes
PrestasiRequest,sarjanaprestasi,iuptes
ProgramStudiService,vrmreguler,iuptes
SqlCapaianPrestasiRepository,vokasi,iuptes
KompetensiAkademik,skmmandiri,iuptes
RiwayatDokumen,skmmandiri,iuptes
PendidikanRequest,iuptes,iuptes
DataOrtuPendaftar,sarjanaprestasi,iuptes
PendidikanService,iup,iuptes
DokumenRequest,vokasi,iuptes
DataWaliController,pendaftaran,iuptes
AlamatController,pendaftaran,iuptes
ReviewController,pendaftaran,iuptes
DataPribadiController,pendaftaran,iuptes
FotoController,pendaftaran,iuptes
DokumenController,pendaftaran,iuptes
KontakController,pendaftaran,iuptes
IndexController,pembayaran,iuptes
PendaftaranPendaftar,skmmandiri,iuptes
DokumenVerifikasi,skmmandiri,iuptes
TambahKompetensiAkademik,skmmandiri,iuptes
PrestasiResponse,skmmandiri,iuptes
PrestasiResponse,skmmandiri,iuptes
DataWaliController,skmmandiri,iuptes
ProgramStudiController,skmmandiri,iuptes
AlamatController,skmmandiri,iuptes
ReviewController,skmmandiri,iuptes
PrestasiController,skmmandiri,iuptes
DataPribadiController,skmmandiri,iuptes
FotoController,skmmandiri,iuptes
SpiController,skmmandiri,iuptes
PendidikanController,skmmandiri,iuptes
KartuPesertaController,skmmandiri,iuptes
UtbkController,skmmandiri,iuptes
DokumenController,skmmandiri,iuptes
PembayaranController,skmmandiri,iuptes
KontakController,skmmandiri,iuptes
PendaftaranPendaftar,vrmmandiri,iuptes
DokumenVerifikasi,vrmmandiri,iuptes
TambahKompetensiAkademik,vrmmandiri,iuptes
PrestasiResponse,vrmmandiri,iuptes
PrestasiResponse,vrmmandiri,iuptes
DataWaliController,vrmmandiri,iuptes
ProgramStudiController,vrmmandiri,iuptes
AlamatController,vrmmandiri,iuptes
ReviewController,vrmmandiri,iuptes
PrestasiController,vrmmandiri,iuptes
DataPribadiController,vrmmandiri,iuptes
FotoController,vrmmandiri,iuptes
SpiController,vrmmandiri,iuptes
PendidikanController,vrmmandiri,iuptes
KartuPesertaController,vrmmandiri,iuptes
UtbkController,vrmmandiri,iuptes
DokumenController,vrmmandiri,iuptes
PembayaranController,vrmmandiri,iuptes
KontakController,vrmmandiri,iuptes
BerandaController,beranda,iuptes
PendaftaranPendaftar,iup,iup
DokumenVerifikasi,iup,iuptes
PrestasiResponse,iup,iuptes
PrestasiResponse,iup,iuptes
DataWaliController,iup,iuptes
ProgramStudiController,iup,iuptes
AlamatController,iup,iuptes
SatController,iup,iuptes
ReviewController,iup,iuptes
EptController,iup,iuptes
PrestasiController,iup,iuptes
DataPribadiController,iup,iuptes
FotoController,iup,iuptes
SpiController,iup,iuptes
PendidikanController,iup,iuptes
KartuPesertaController,iup,iuptes
DokumenController,iup,iuptes
IgcseController,iup,iuptes
PembayaranController,iup,iup
KontakController,iup,iuptes
PendaftaranPendaftar,vokasi,vokasi
DokumenVerifikasi,vokasi,iuptes
PrestasiResponse,vokasi,iuptes
PrestasiResponse,vokasi,iuptes
DataWaliController,vokasi,iuptes
ProgramStudiController,vokasi,iuptes
AlamatController,vokasi,iuptes
ReviewController,vokasi,iuptes
PrestasiController,vokasi,iuptes
DataPribadiController,vokasi,iuptes
FotoController,vokasi,iuptes
KipKuliahController,vokasi,iuptes
PendidikanController,vokasi,iuptes
KartuPesertaController,vokasi,iuptes
DokumenController,vokasi,iuptes
PembayaranController,vokasi,vokasi
KontakController,vokasi,iuptes
PendaftaranPendaftar,iuptes,iuptes
DokumenVerifikasi,iuptes,iuptes
TambahKompetensiAkademik,iuptes,iuptes
PrestasiResponse,iuptes,iuptes
PrestasiResponse,iuptes,iuptes
DataWaliController,iuptes,iuptes
ProgramStudiController,iuptes,iuptes
AlamatController,iuptes,iuptes
SatController,iuptes,iuptes
ReviewController,iuptes,iuptes
PrestasiController,iuptes,iuptes
DataPribadiController,iuptes,iuptes
FotoController,iuptes,iuptes
SpiController,iuptes,iuptes
PendidikanController,iuptes,iuptes
KartuPesertaController,iuptes,iuptes
UtbkController,iuptes,iuptes
DokumenController,iuptes,iuptes
IgcseController,iuptes,iuptes
PembayaranController,iuptes,iuptes
KontakController,iuptes,iuptes
IupTesController,backoffice,iuptes
SarjanaPrestasiController,backoffice,iuptes
ValidasiPrestasiController,backoffice,iuptes
SkmMandiriController,backoffice,iuptes
VokasiController,backoffice,iuptes
IupController,backoffice,iuptes
BaseController,backoffice,backoffice
ValidasiPortofolioController,backoffice,iuptes
PembayaranController,backoffice,iuptes
SkmKemitraanController,backoffice,iuptes
PendaftaranPendaftar,vrmreguler,iuptes
DokumenVerifikasi,vrmreguler,iuptes
TambahKompetensiAkademik,vrmreguler,vrmreguler
PrestasiResponse,vrmreguler,iuptes
PrestasiResponse,vrmreguler,iuptes
DataWaliController,vrmreguler,iuptes
ProgramStudiController,vrmreguler,iuptes
AlamatController,vrmreguler,iuptes
ReviewController,vrmreguler,iuptes
PrestasiController,vrmreguler,iuptes
KonfirmasiCadanganController,vrmreguler,iuptes
DataPribadiController,vrmreguler,iuptes
FotoController,vrmreguler,iuptes
KipKuliahController,vrmreguler,iuptes
PendidikanController,vrmreguler,iuptes
KartuPesertaController,vrmreguler,iuptes
UtbkController,vrmreguler,iuptes
DokumenController,vrmreguler,iuptes
PembayaranController,vrmreguler,iuptes
KontakController,vrmreguler,iuptes
SqlKompetensiAkademikRepository,vrmreguler,vrmreguler
PendaftaranPendaftar,skmkemitraan,iuptes
DokumenVerifikasi,skmkemitraan,iuptes
TambahKompetensiAkademik,skmkemitraan,iuptes
PrestasiResponse,skmkemitraan,iuptes
PrestasiResponse,skmkemitraan,iuptes
MitraController,skmkemitraan,iuptes
DataWaliController,skmkemitraan,iuptes
ProgramStudiController,skmkemitraan,iuptes
AlamatController,skmkemitraan,iuptes
ReviewController,skmkemitraan,iuptes
PrestasiController,skmkemitraan,iuptes
DataPribadiController,skmkemitraan,iuptes
FotoController,skmkemitraan,iuptes
SpiController,skmkemitraan,iuptes
PendidikanController,skmkemitraan,iuptes
KartuPesertaController,skmkemitraan,iuptes
UtbkController,skmkemitraan,iuptes
DokumenController,skmkemitraan,iuptes
PembayaranController,skmkemitraan,iuptes
KontakController,skmkemitraan,iuptes
PendaftaranPendaftar,sarjanaprestasi,sarjanaprestasi
DokumenVerifikasi,sarjanaprestasi,iuptes
PrestasiResponse,sarjanaprestasi,iuptes
PrestasiResponse,sarjanaprestasi,iuptes
DataWaliController,sarjanaprestasi,iuptes
ProgramStudiController,sarjanaprestasi,iuptes
AlamatController,sarjanaprestasi,iuptes
ReviewController,sarjanaprestasi,iuptes
PrestasiController,sarjanaprestasi,iuptes
DataPribadiController,sarjanaprestasi,iuptes
FotoController,sarjanaprestasi,iuptes
KipKuliahController,sarjanaprestasi,iuptes
PendidikanController,sarjanaprestasi,iuptes
KartuPesertaController,sarjanaprestasi,iuptes
DokumenController,sarjanaprestasi,iuptes
PembayaranController,sarjanaprestasi,iuptes
KontakController,sarjanaprestasi,iuptes
BerkasController,berkas,berkas
AlamatResponse,pendaftaran,iuptes
KontakResponse,pendaftaran,iuptes
DokumenResponse,pendaftaran,iuptes
DataWaliResponse,pendaftaran,iuptes
FotoProfilResponse,pendaftaran,iuptes
DataPribadiResponse,pendaftaran,iuptes
BaseController,pendaftaran,iuptes
NotificationController,pembayaran,iuptes
BaseController,pembayaran,iuptes
AlamatResponse,skmmandiri,iuptes
SpiResponse,skmmandiri,iuptes
KontakResponse,skmmandiri,iuptes
UtbkResponse,skmmandiri,iuptes
DokumenResponse,skmmandiri,iuptes
DataWaliResponse,skmmandiri,iuptes
ProgramStudiResponse,skmmandiri,iuptes
FotoProfilResponse,skmmandiri,iuptes
PendidikanResponse,skmmandiri,iuptes
DataPribadiResponse,skmmandiri,iuptes
NotificationController,skmmandiri,iuptes
SignUpController,skmmandiri,iuptes
CloseController,skmmandiri,iuptes
BaseController,skmmandiri,iuptes
AlamatResponse,vrmmandiri,iuptes
SpiResponse,vrmmandiri,iuptes
KontakResponse,vrmmandiri,iuptes
UtbkResponse,vrmmandiri,iuptes
DokumenResponse,vrmmandiri,iuptes
DataWaliResponse,vrmmandiri,iuptes
ProgramStudiResponse,vrmmandiri,iuptes
FotoProfilResponse,vrmmandiri,iuptes
PendidikanResponse,vrmmandiri,iuptes
DataPribadiResponse,vrmmandiri,iuptes
NotificationController,vrmmandiri,iuptes
SignUpController,vrmmandiri,iuptes
CloseController,vrmmandiri,iuptes
BaseController,vrmmandiri,iuptes
SimpanRoleResponse,beranda,iuptes
AlamatResponse,iup,iuptes
IgcseResponse,iup,iuptes
IgcseResponse,iup,iuptes
EptResponse,iup,iuptes
EptResponse,iup,iuptes
SpiResponse,iup,iuptes
KontakResponse,iup,iuptes
DokumenResponse,iup,iuptes
DataWaliResponse,iup,iuptes
ProgramStudiResponse,iup,iuptes
SatResponse,iup,iuptes
SatResponse,iup,iuptes
FotoProfilResponse,iup,iuptes
PendidikanResponse,iup,iuptes
DataPribadiResponse,iup,iuptes
TesKemampuanBahasa,iup,iuptes
SignUpController,iup,iuptes
CloseController,iup,iuptes
BaseController,iup,iuptes
AlamatResponse,vokasi,iuptes
KipKuliahResponse,vokasi,iuptes
KontakResponse,vokasi,iuptes
DokumenResponse,vokasi,iuptes
DataWaliResponse,vokasi,iuptes
ProgramStudiResponse,vokasi,iuptes
FotoProfilResponse,vokasi,iuptes
PendidikanResponse,vokasi,iuptes
DataPribadiResponse,vokasi,iuptes
NotificationController,vokasi,iuptes
SignUpController,vokasi,iuptes
CloseController,vokasi,iuptes
BaseController,vokasi,iuptes
AlamatResponse,iuptes,iuptes
IgcseResponse,iuptes,iuptes
IgcseResponse,iuptes,iuptes
SpiResponse,iuptes,iuptes
KontakResponse,iuptes,iuptes
UtbkResponse,iuptes,iuptes
DokumenResponse,iuptes,iuptes
DataWaliResponse,iuptes,iuptes
ProgramStudiResponse,iuptes,iuptes
SatResponse,iuptes,iuptes
SatResponse,iuptes,iuptes
FotoProfilResponse,iuptes,iuptes
PendidikanResponse,iuptes,iuptes
DataPribadiResponse,iuptes,iuptes
NotificationController,iuptes,iuptes
SignUpController,iuptes,iuptes
CloseController,iuptes,iuptes
BaseController,iuptes,iuptes
ValidasiPortofolioResponse,backoffice,iuptes
ValidasiPrestasiResponse,backoffice,iuptes
AlamatResponse,vrmreguler,iuptes
KipKuliahResponse,vrmreguler,iuptes
KontakResponse,vrmreguler,iuptes
UtbkResponse,vrmreguler,iuptes
DokumenResponse,vrmreguler,iuptes
DataWaliResponse,vrmreguler,iuptes
ProgramStudiResponse,vrmreguler,iuptes
FotoProfilResponse,vrmreguler,iuptes
PendidikanResponse,vrmreguler,iuptes
DataPribadiResponse,vrmreguler,iuptes
NotificationController,vrmreguler,iuptes
SignUpController,vrmreguler,iuptes
CloseController,vrmreguler,iuptes
BaseController,vrmreguler,iuptes
AlamatResponse,skmkemitraan,iuptes
SpiResponse,skmkemitraan,iuptes
KontakResponse,skmkemitraan,iuptes
UtbkResponse,skmkemitraan,iuptes
DokumenResponse,skmkemitraan,iuptes
DataWaliResponse,skmkemitraan,iuptes
ProgramStudiResponse,skmkemitraan,iuptes
FotoProfilResponse,skmkemitraan,iuptes
PendidikanResponse,skmkemitraan,iuptes
DataPribadiResponse,skmkemitraan,iuptes
MitraResponse,skmkemitraan,iuptes
NotificationController,skmkemitraan,iuptes
SignUpController,skmkemitraan,iuptes
CloseController,skmkemitraan,iuptes
BaseController,skmkemitraan,iuptes
AlamatResponse,sarjanaprestasi,iuptes
KipKuliahResponse,sarjanaprestasi,iuptes
KontakResponse,sarjanaprestasi,iuptes
DokumenResponse,sarjanaprestasi,iuptes
DataWaliResponse,sarjanaprestasi,iuptes
ProgramStudiResponse,sarjanaprestasi,iuptes
FotoProfilResponse,sarjanaprestasi,iuptes
PendidikanResponse,sarjanaprestasi,iuptes
DataPribadiResponse,sarjanaprestasi,iuptes
NotificationController,sarjanaprestasi,iuptes
SignUpController,sarjanaprestasi,iuptes
CloseController,sarjanaprestasi,iuptes
BaseController,sarjanaprestasi,iuptes
JsonResponseRequest,berkas,berkas
AuthController,auth,auth
BackofficeAuthController,auth,auth
SettingController,setting,setting
