BeanStock,transaksi,transaksi
User,auth,transaksi
BeanPrice,transaksi,transaksi
Group,transaksi,transaksi
Order,transaksi,transaksi
Province,transaksi,transaksi
Product,transaksi,transaksi
Blog,transaksi,transaksi
Ticket,transaksi,transaksi
CartDetail,transaksi,transaksi
City,transaksi,transaksi
Cart,transaksi,transaksi
OrderController,transaksi,transaksi
UserController,transaksi,transaksi
BeanPriceController,transaksi,transaksi
BlogController,transaksi,transaksi
HomeController,transaksi,transaksi
BeanStockController,transaksi,transaksi
ProfileController,transaksi,transaksi
ProductController,transaksi,transaksi
LandingController,dashboard,transaksi
OrderController,transaksi,transaksi
OrderController,transaksi,transaksi
ProfileController,transaksi,transaksi
RegisterController,auth,transaksi
UserController,transaksi,transaksi
BlogController,transaksi,transaksi
TicketController,transaksi,transaksi
TransactionController,transaksi,transaksi
BeanPriceController,transaksi,transaksi
BeanStockController,transaksi,transaksi
ProfileController,transaksi,transaksi
LoginController,auth,transaksi
Profile,transaksi,transaksi
